Company,TypeName,Inches,Ram,OpSys,Weight,Price,Cpu_brand_temp,Gpu_brand_temp,Touchscreen,IPS,X_res,PPI,SSD,HDD,Hybrid,Cpu_brand,Cpu_tier,Cpu_speed,Gpu_brand,Dedicated_gpu
Apple,Ultrabook,13.3,8,macOS,1.37,11.175768558816314,Intel,Intel,0,1,2560,226.98300468106115,128,0,0,Intel,i5,2.3,intel,0
Apple,Ultrabook,13.3,8,macOS,1.34,10.776798196213472,Intel,Intel,0,0,1440,127.67794013309688,0,0,0,Intel,i5,1.8,intel,0
HP,Notebook,15.6,8,No OS,1.86,10.329963707833757,Intel,Intel,0,0,1920,141.21199808219862,256,0,0,Intel,i5,2.5,intel,0
Apple,Ultrabook,15.4,16,macOS,1.83,11.814483341632057,Intel,AMD,0,1,2880,220.53462386625827,512,0,0,Intel,i7,2.7,amd,1
Apple,Ultrabook,13.3,8,macOS,1.37,11.473111379006117,Intel,Intel,0,1,2560,226.98300468106115,256,0,0,Intel,i5,3.1,intel,0
Acer,Notebook,15.6,4,Windows 10,2.1,9.967072494161238,AMD,AMD,0,0,1366,100.45466986113652,0,500,0,AMD,other,2.5,amd,1
Apple,Ultrabook,15.4,16,Mac OS X,2.04,11.644116885995366,Intel,Intel,0,1,2880,220.53462386625827,0,0,0,Intel,i7,2.2,intel,0
Apple,Ultrabook,13.3,8,macOS,1.34,11.03063119023011,Intel,Intel,0,0,1440,127.67794013309688,0,0,0,Intel,i5,1.8,intel,0
Asus,Ultrabook,14.0,16,Windows 10,1.3,11.285455066338496,Intel,Nvidia,0,0,1920,157.3505121487356,512,0,0,Intel,i7,1.8,nvidia,1
Acer,Ultrabook,14.0,8,Windows 10,1.6,10.621975915807171,Intel,Intel,0,1,1920,157.3505121487356,256,0,0,Intel,i5,1.6,intel,0
HP,Notebook,15.6,4,No OS,1.86,9.951705743636337,Intel,Intel,0,0,1366,100.45466986113652,0,500,0,Intel,i5,2.5,intel,0
HP,Notebook,15.6,4,No OS,1.86,9.819130859661563,Intel,Intel,0,0,1920,141.21199808219862,0,500,0,Intel,i3,2.5,intel,0
Apple,Ultrabook,15.4,16,macOS,1.83,11.775309741545168,Intel,AMD,0,1,2880,220.53462386625827,256,0,0,Intel,i7,2.8,amd,1
Dell,Notebook,15.6,4,Windows 10,2.2,10.188004320693702,Intel,AMD,0,0,1920,141.21199808219862,256,0,0,Intel,i3,2.5,amd,1
Apple,Ultrabook,12.0,8,macOS,0.92,11.11634584374235,Intel,Intel,0,1,2304,226.4155471693585,256,0,0,Intel,other,1.2,intel,0
Apple,Ultrabook,13.3,8,macOS,1.37,11.301084596994947,Intel,Intel,0,1,2560,226.98300468106115,256,0,0,Intel,i5,2.3,intel,0
Dell,Notebook,15.6,8,Windows 10,2.2,10.588970437272568,Intel,AMD,0,0,1920,141.21199808219862,256,0,0,Intel,i7,2.7,amd,1
Apple,Ultrabook,15.4,16,macOS,1.83,11.933444951799322,Intel,AMD,0,1,2880,220.53462386625827,512,0,0,Intel,i7,2.9,amd,1
Lenovo,Notebook,15.6,8,No OS,2.2,10.188204734039374,Intel,Nvidia,0,0,1920,141.21199808219862,0,1024,0,Intel,i3,2.4,nvidia,1
Dell,Ultrabook,13.3,8,Windows 10,1.22,10.862111839946362,Intel,Intel,1,1,1920,165.6321180513006,128,0,0,Intel,i5,1.6,intel,0
Lenovo,Gaming,15.6,8,Windows 10,2.5,10.882334592260529,Intel,Nvidia,0,1,1920,141.21199808219862,128,1024,0,Intel,i5,2.5,nvidia,1
Dell,2 in 1 Convertible,13.3,8,Windows 10,1.62,10.683668026512203,Intel,Intel,1,0,1920,165.6321180513006,256,0,0,Intel,i5,1.6,intel,0
HP,Ultrabook,15.6,8,Windows 10,1.91,10.466313041010059,Intel,Intel,0,0,1920,141.21199808219862,256,0,0,Intel,i7,1.8,intel,0
Dell,Notebook,15.6,4,Windows 10,2.3,10.012617220008426,Intel,Intel,0,0,1366,100.45466986113652,0,1024,0,Intel,i3,2.5,intel,0
Apple,Ultrabook,13.3,8,Mac OS X,1.35,10.977734058532482,Intel,Intel,0,0,1440,127.67794013309688,0,0,0,Intel,i5,1.6,intel,0
Dell,Notebook,15.6,8,Windows 10,2.2,10.660196214585818,Intel,AMD,0,0,1920,141.21199808219862,256,0,0,Intel,i5,1.6,amd,1
Dell,Ultrabook,15.6,8,Windows 10,1.88,11.14415538315185,Intel,Intel,0,0,1920,141.21199808219862,256,0,0,Intel,i7,1.9,intel,0
HP,Notebook,17.3,8,Windows 10,2.5,10.773522386274244,Intel,Nvidia,0,0,1920,127.33567457123112,0,1024,0,Intel,i5,1.6,nvidia,1
HP,Notebook,17.3,4,Windows 10,2.71,10.060103191853011,AMD,AMD,0,0,1920,127.33567457123112,0,500,0,AMD,other,2.5,amd,1
Dell,Ultrabook,13.3,16,Windows 10,1.2,11.508729875782148,Intel,Intel,1,0,3200,276.053530085501,512,0,0,Intel,i7,1.8,intel,0
Apple,Ultrabook,13.3,8,Mac OS X,1.35,10.881333108748292,Intel,Intel,0,0,1440,127.67794013309688,0,0,0,Intel,i5,1.6,intel,0
Acer,Notebook,15.6,4,Linux,2.1,9.88097401403836,Intel,Intel,0,0,1366,100.45466986113652,0,1024,0,Intel,i3,2.7,intel,0
Dell,Notebook,17.3,8,Windows 10,2.8,10.862111839946362,Intel,AMD,0,1,1920,127.33567457123112,128,1024,0,Intel,i5,1.6,amd,1
HP,Notebook,15.6,4,Windows 10,1.86,10.167327773397746,Intel,Intel,0,0,1366,100.45466986113652,0,1024,0,Intel,i5,2.5,intel,0
HP,Notebook,15.6,8,Windows 10,2.1,10.754367276099781,Intel,Nvidia,0,0,1920,141.21199808219862,256,0,0,Intel,i5,1.6,nvidia,1
Asus,Notebook,15.6,4,Linux,2.0,9.939188617449547,Intel,Intel,0,0,1920,141.21199808219862,0,1024,0,Intel,i3,2.5,intel,0
Dell,Gaming,15.6,16,Windows 10,2.65,11.288127045116099,Intel,Nvidia,0,1,1920,141.21199808219862,256,1024,0,Intel,i7,2.8,nvidia,1
Asus,Notebook,15.6,8,Linux,2.3,10.235159256444781,Intel,Nvidia,0,0,1366,100.45466986113652,0,1024,0,Intel,i5,2.5,nvidia,1
Acer,Notebook,15.6,4,Windows 10,2.2,10.500618203885733,Intel,Intel,0,1,1920,141.21199808219862,256,0,0,Intel,i5,1.6,intel,0
Dell,2 in 1 Convertible,17.3,12,Windows 10,2.77,10.882334592260529,Intel,Nvidia,1,0,1920,127.33567457123112,0,1024,0,Intel,i5,1.6,nvidia,1
Apple,Ultrabook,13.3,8,macOS,1.37,11.233281930062116,Intel,Intel,0,1,2560,226.98300468106115,256,0,0,Intel,i5,2.0,intel,0
Lenovo,Notebook,15.6,4,No OS,2.2,9.88640853285114,Intel,Intel,0,0,1366,100.45466986113652,128,0,0,Intel,i3,2.5,intel,0
Asus,Gaming,17.3,8,Windows 10,3.2,11.14492549142712,AMD,AMD,0,0,1920,127.33567457123112,256,1024,0,AMD,other,2.5,amd,1
Dell,Notebook,15.6,4,Windows 10,2.3,10.435494852273417,Intel,AMD,0,0,1920,141.21199808219862,256,0,0,Intel,i5,2.5,amd,1
Asus,Notebook,17.3,4,Windows 10,2.8,10.11978693587454,Intel,Nvidia,0,0,1366,90.58340172449304,0,1024,0,Intel,other,1.1,nvidia,1
Acer,Notebook,15.6,8,Windows 10,2.2,10.7101750031603,Intel,Nvidia,0,1,1920,141.21199808219862,256,0,0,Intel,i7,1.8,nvidia,1
HP,Notebook,15.6,4,Windows 10,1.86,9.963290528658876,AMD,AMD,0,0,1920,141.21199808219862,256,0,0,AMD,other,2.5,amd,1
HP,Notebook,13.3,8,Windows 10,1.49,10.981367061450355,Intel,Intel,0,0,1920,165.6321180513006,512,0,0,Intel,i7,1.8,intel,0
Acer,Notebook,15.6,4,Windows 10,2.4,9.92625245462742,Intel,Intel,0,0,1366,100.45466986113652,0,1024,0,Intel,i3,2.4,intel,0
Dell,Notebook,15.6,8,Windows 10,2.13,10.619114753366912,Intel,AMD,0,0,1920,141.21199808219862,256,0,0,Intel,i7,1.8,amd,1
HP,Notebook,15.6,4,Windows 10,1.91,10.060103191853011,Intel,Intel,0,0,1920,141.21199808219862,128,0,0,Intel,i3,2.5,intel,0
Asus,Notebook,15.6,4,Windows 10,2.0,10.34923701306093,Intel,Intel,0,0,1366,100.45466986113652,256,0,0,Intel,i5,2.5,intel,0
MSI,Gaming,17.3,16,Windows 10,2.43,11.779003747004984,Intel,Nvidia,0,0,1920,127.33567457123112,256,2048,0,Intel,i7,2.8,nvidia,1
Asus,Notebook,15.6,4,Linux,2.0,10.00388477138901,Intel,Intel,0,0,1920,141.21199808219862,256,0,0,Intel,i3,2.5,intel,0
Dell,Notebook,17.3,16,Windows 10,2.8,11.14492549142712,Intel,AMD,0,0,1920,127.33567457123112,256,2048,0,Intel,i7,1.8,amd,1
Dell,Ultrabook,14.0,8,Windows 10,1.7,10.754367276099781,Intel,Intel,0,0,1920,157.3505121487356,256,0,0,Intel,i5,1.6,intel,0
Lenovo,Notebook,14.0,8,No OS,1.7,10.370853957360486,Intel,Intel,0,1,1920,157.3505121487356,256,0,0,Intel,i3,2.7,intel,0
Asus,Notebook,14.0,8,Windows 10,1.4,10.822524111175213,Intel,Intel,0,0,1920,157.3505121487356,256,0,0,Intel,i5,1.6,intel,0
HP,Notebook,15.6,8,Windows 10,1.86,10.512279824567653,Intel,Intel,0,0,1920,141.21199808219862,256,0,0,Intel,i5,2.5,intel,0
Asus,Ultrabook,15.6,16,Windows 10,1.8,11.567936619542625,Intel,Nvidia,0,0,1920,141.21199808219862,512,0,0,Intel,i7,2.8,nvidia,1
HP,Notebook,15.6,4,Windows 10,1.86,10.05939682228015,Intel,AMD,0,0,1366,100.45466986113652,0,500,0,Intel,i3,2.5,amd,1
Lenovo,Notebook,15.6,4,Windows 10,1.9,10.283693654349953,Intel,Intel,0,0,1920,141.21199808219862,0,1024,0,Intel,i5,2.5,intel,0
Asus,Gaming,17.3,12,Linux,3.0,10.830989602063529,Intel,Nvidia,0,0,1920,127.33567457123112,0,1024,0,Intel,i7,2.8,nvidia,1
Microsoft,Ultrabook,13.5,4,Windows 10 S,1.252,10.968593383882295,Intel,Intel,1,0,2256,200.84255993695703,128,0,0,Intel,i5,2.5,intel,0
Dell,Ultrabook,13.3,8,Windows 10,1.4,10.837292019680758,Intel,AMD,0,1,1920,165.6321180513006,256,0,0,Intel,i7,1.8,amd,1
Dell,Notebook,15.6,8,Windows 10,2.2,10.744075810945498,Intel,AMD,0,0,1920,141.21199808219862,256,0,0,Intel,i7,1.8,amd,1
MSI,Gaming,17.3,8,Windows 10,2.7,10.974087808763938,Intel,Nvidia,0,0,1920,127.33567457123112,128,1024,0,Intel,i5,2.5,nvidia,1
Acer,Notebook,14.0,8,Windows 10,2.1,9.939188617449547,Intel,Intel,0,0,1366,111.93520355955212,0,1024,0,Intel,i3,2.5,intel,0
Asus,Gaming,15.6,8,Windows 10,2.2,10.830989602063529,Intel,Nvidia,0,0,1920,141.21199808219862,0,1024,0,Intel,i7,2.8,nvidia,1
Lenovo,Notebook,15.6,8,No OS,2.2,10.227501072075105,Intel,Intel,0,0,1920,141.21199808219862,0,2048,0,Intel,i5,2.5,intel,0
Dell,Notebook,15.6,8,Windows 10,2.02,10.726684446704295,Intel,Intel,0,0,1920,141.21199808219862,128,1024,0,Intel,i7,1.8,intel,0
Acer,Notebook,15.6,4,Windows 10,2.2,10.248473444922546,Intel,Nvidia,0,0,1920,141.21199808219862,0,1024,0,Intel,i3,2.7,nvidia,1
HP,Notebook,17.3,8,Windows 10,2.5,10.86006688870326,Intel,Nvidia,0,0,1920,127.33567457123112,128,1024,0,Intel,i5,1.6,nvidia,1
Dell,Ultrabook,15.6,8,Windows 10,1.88,10.975146590629556,Intel,Intel,0,1,1920,141.21199808219862,256,0,0,Intel,i5,1.6,intel,0
Apple,Ultrabook,12.0,8,macOS,0.92,11.295438385612048,Intel,Intel,0,1,2304,226.4155471693585,512,0,0,Intel,i5,1.3,intel,0
HP,Notebook,14.0,8,Windows 10,1.63,10.732515239391274,Intel,Intel,0,0,1920,157.3505121487356,256,0,0,Intel,i5,1.6,intel,0
Lenovo,Notebook,15.6,4,Windows 10,2.2,9.964569481536397,AMD,AMD,0,0,1920,141.21199808219862,128,0,0,AMD,other,2.5,amd,1
Acer,Notebook,15.6,4,Windows 10,2.1,9.954494305874713,AMD,AMD,0,0,1366,100.45466986113652,0,1024,0,AMD,other,2.5,amd,1
Dell,Gaming,15.6,16,Windows 10,2.65,11.182693795440782,Intel,Nvidia,0,1,1920,141.21199808219862,128,1024,0,Intel,i7,2.8,nvidia,1
HP,Ultrabook,15.6,8,Windows 10,1.83,10.525238618990686,Intel,Nvidia,0,1,1920,141.21199808219862,256,0,0,Intel,i7,1.8,nvidia,1
HP,Notebook,15.6,8,Windows 10,1.96,10.370837263253403,Intel,Intel,0,0,1920,141.21199808219862,256,0,0,Intel,i5,2.5,intel,0
Asus,Gaming,15.6,16,Windows 10,2.2,11.25420292138043,Intel,Nvidia,0,1,1920,141.21199808219862,128,1024,0,Intel,i7,2.8,nvidia,1
Dell,Ultrabook,13.3,8,Windows 10,1.21,11.38349673063646,Intel,Intel,0,1,1920,165.6321180513006,256,0,0,Intel,i7,1.8,intel,0
Asus,Gaming,15.6,8,Windows 10,2.45,10.525238618990686,AMD,AMD,0,0,1920,141.21199808219862,0,1024,0,AMD,other,2.5,amd,1
Acer,Notebook,15.6,8,Windows 10,2.2,10.510829537468052,Intel,Nvidia,0,0,1920,141.21199808219862,0,1024,0,Intel,i7,1.8,nvidia,1
HP,Notebook,13.3,16,Windows 10,1.49,11.06315041150742,Intel,Intel,0,0,1920,165.6321180513006,512,0,0,Intel,i7,1.8,intel,0
Dell,Gaming,15.6,8,Windows 10,2.65,11.061478196557058,Intel,Nvidia,0,0,1920,141.21199808219862,256,0,0,Intel,i5,2.5,nvidia,1
Asus,Ultrabook,14.0,8,Windows 10,1.25,10.9311715265263,Intel,Intel,0,0,1920,157.3505121487356,256,0,0,Intel,i7,2.7,intel,0
Acer,2 in 1 Convertible,13.3,8,Windows 10,1.5,10.717283879751747,Intel,Intel,1,1,1920,165.6321180513006,256,0,0,Intel,i5,1.6,intel,0
Dell,Notebook,15.6,8,Linux,2.2,10.372355286897466,Intel,AMD,0,0,1920,141.21199808219862,0,1024,0,Intel,i7,2.7,amd,1
Dell,Notebook,15.6,4,Linux,2.2,10.159748614913156,Intel,AMD,0,0,1920,141.21199808219862,256,0,0,Intel,i3,2.5,amd,1
Asus,Notebook,15.6,6,Windows 10,2.0,10.333435820406644,Intel,Nvidia,0,0,1920,141.21199808219862,256,0,0,Intel,i3,2.4,nvidia,1
HP,Gaming,15.6,12,Windows 10,2.62,11.10567456328145,Intel,Nvidia,0,1,1920,141.21199808219862,128,1024,0,Intel,i7,2.8,nvidia,1
HP,Notebook,15.6,8,Windows 10,1.91,10.55344848760242,Intel,AMD,0,0,1920,141.21199808219862,256,0,0,Intel,i7,2.7,amd,1
HP,Notebook,15.6,4,Windows 10,2.1,9.830686725695612,AMD,AMD,0,0,1920,141.21199808219862,0,500,0,AMD,other,1.5,amd,1
Dell,Notebook,15.6,8,Linux,2.2,10.447936329228463,Intel,AMD,0,0,1920,141.21199808219862,0,1024,0,Intel,i5,1.6,amd,1
HP,Ultrabook,13.3,8,Windows 10,1.38,10.995768507208373,Intel,Nvidia,0,1,1920,165.6321180513006,256,0,0,Intel,i7,2.7,nvidia,1
Microsoft,Ultrabook,13.5,8,Windows 10 S,1.252,11.175999925622857,Intel,Intel,1,0,2256,200.84255993695703,256,0,0,Intel,i5,2.5,intel,0
HP,Notebook,14.0,6,Windows 10,1.58,10.466313041010059,Intel,Nvidia,0,1,1920,157.3505121487356,256,0,0,Intel,i5,2.5,nvidia,1
Lenovo,Notebook,15.6,4,Windows 10,1.85,10.003643789397087,Intel,Intel,0,0,1920,141.21199808219862,0,1024,0,Intel,i3,2.5,intel,0
Asus,Ultrabook,14.0,8,Windows 10,1.3,11.059803180619348,Intel,Nvidia,0,1,1920,157.3505121487356,256,0,0,Intel,i7,2.7,nvidia,1
MSI,Gaming,15.6,16,Windows 10,2.2,11.14492549142712,Intel,Nvidia,0,0,1920,141.21199808219862,256,1024,0,Intel,i7,2.8,nvidia,1
Lenovo,Notebook,14.0,8,Windows 10,1.58,11.275371074510403,Intel,Intel,0,1,1920,157.3505121487356,256,0,0,Intel,i7,2.7,intel,0
Asus,Ultrabook,15.6,16,Windows 10,1.5,11.116028941464197,Intel,Nvidia,0,0,1920,141.21199808219862,256,1024,0,Intel,i7,1.8,nvidia,1
Dell,Ultrabook,13.3,8,Windows 10,1.23,11.204688514352517,Intel,Intel,1,0,3200,276.053530085501,256,0,0,Intel,i7,2.4,intel,0
Lenovo,2 in 1 Convertible,13.3,8,Windows 10,1.37,11.219087416653776,Intel,Intel,1,1,1920,165.6321180513006,256,0,0,Intel,i5,2.5,intel,0
HP,Notebook,14.0,4,Windows 10,1.63,10.557612160311693,Intel,Intel,0,1,1366,111.93520355955212,0,500,0,Intel,i5,1.6,intel,0
Dell,Ultrabook,13.3,8,Windows 10,1.21,11.371294156418369,Intel,Intel,0,1,1920,165.6321180513006,256,0,0,Intel,i5,1.6,intel,0
HP,2 in 1 Convertible,13.3,8,Windows 10,1.26,11.219080268761294,Intel,Intel,1,1,1920,165.6321180513006,256,0,0,Intel,i5,1.6,intel,0
HP,Notebook,14.0,8,Windows 10,1.63,10.963991522444166,Intel,Intel,0,0,1920,157.3505121487356,512,0,0,Intel,i7,1.8,intel,0
Dell,Notebook,15.6,8,Windows 10,2.16,11.005842535245586,Intel,Nvidia,0,1,1920,141.21199808219862,256,1024,0,Intel,i7,1.8,nvidia,1
Asus,Notebook,17.3,4,Windows 10,2.0,10.310648555135304,Intel,Nvidia,0,0,1920,127.33567457123112,0,1024,0,Intel,i3,2.5,nvidia,1
Asus,Notebook,15.6,8,Windows 10,1.7,10.99487446761375,Intel,Nvidia,0,0,1920,141.21199808219862,256,0,0,Intel,i7,1.8,nvidia,1
Acer,Notebook,15.6,6,Windows 10,2.1,10.147300806108744,Intel,Intel,1,1,1920,141.21199808219862,0,1024,0,Intel,i3,2.4,intel,0
MSI,Gaming,15.6,16,Windows 10,1.8,11.690469963100075,Intel,Nvidia,0,0,1920,141.21199808219862,256,2048,0,Intel,i7,2.8,nvidia,1
Lenovo,Notebook,15.6,8,No OS,2.2,10.419722121547444,Intel,Nvidia,0,0,1920,141.21199808219862,256,0,0,Intel,i5,2.5,nvidia,1
HP,Notebook,17.3,16,Windows 10,2.5,11.123135064243138,Intel,Nvidia,0,0,1920,127.33567457123112,512,0,0,Intel,i7,1.8,nvidia,1
Acer,Notebook,15.6,4,Windows 10,2.1,10.08706998076417,AMD,AMD,0,0,1366,100.45466986113652,256,0,0,AMD,other,2.5,amd,1
HP,Notebook,14.0,8,Windows 10,1.63,10.675084480373934,Intel,Intel,0,0,1920,157.3505121487356,0,1024,0,Intel,i5,1.6,intel,0
Dell,Notebook,17.3,16,Windows 10,2.8,11.216940754140841,Intel,AMD,0,0,1920,127.33567457123112,256,2048,0,Intel,i7,1.8,amd,1
HP,Notebook,17.3,8,Windows 10,2.5,10.808612983780158,Intel,Intel,0,0,1920,127.33567457123112,256,0,0,Intel,i5,1.6,intel,0
Dell,Notebook,15.6,8,Windows 10,2.36,10.435479203158344,Intel,AMD,0,0,1366,100.45466986113652,0,1024,0,Intel,i5,2.5,amd,1
Dell,Notebook,15.6,4,Windows 10,2.2,10.082625714367484,Intel,AMD,0,0,1920,141.21199808219862,0,1024,0,Intel,i3,2.5,amd,1
Acer,Ultrabook,14.0,8,Windows 10,1.6,10.760039320283267,Intel,Intel,0,1,1920,157.3505121487356,256,0,0,Intel,i7,1.8,intel,0
Acer,Notebook,15.6,4,Windows 10,2.2,10.324732829606425,Intel,Nvidia,0,0,1920,141.21199808219862,256,0,0,Intel,i3,2.7,nvidia,1
HP,Notebook,15.6,8,Windows 10,2.05,10.36918316559119,Intel,Intel,0,0,1366,100.45466986113652,0,1024,0,Intel,i7,2.7,intel,0
HP,Notebook,14.0,8,Windows 10,1.63,10.871262720529089,Intel,Intel,0,0,1920,157.3505121487356,256,0,0,Intel,i7,1.8,intel,0
Asus,Gaming,17.3,8,Windows 10,3.0,10.819330984386541,Intel,Nvidia,0,0,1920,127.33567457123112,128,1024,0,Intel,i5,2.5,nvidia,1
Lenovo,Notebook,15.6,4,No OS,2.2,10.188204734039374,Intel,Nvidia,0,0,1920,141.21199808219862,0,1024,0,Intel,i5,2.5,nvidia,1
HP,Notebook,13.3,4,Windows 10,1.32,10.525238618990686,Intel,Intel,0,1,1920,165.6321180513006,256,0,0,Intel,i5,2.5,intel,0
Acer,Notebook,17.3,4,Windows 10,3.0,10.460224916065657,Intel,Nvidia,0,1,1920,127.33567457123112,0,1024,0,Intel,i3,2.7,nvidia,1
Lenovo,Notebook,14.0,8,Windows 10,1.75,10.993101907610118,Intel,AMD,0,1,1920,157.3505121487356,256,0,0,Intel,i5,1.6,amd,1
Lenovo,Gaming,15.6,8,No OS,2.4,10.742925749387153,Intel,Nvidia,0,1,1920,141.21199808219862,256,0,0,Intel,i7,2.8,nvidia,1
Toshiba,Notebook,15.6,4,Windows 10,2.1,10.37584964841171,Intel,Intel,0,0,1366,100.45466986113652,0,500,0,Intel,i5,2.3,intel,0
HP,Notebook,15.6,4,Windows 10,1.86,9.88640853285114,AMD,AMD,0,0,1366,100.45466986113652,256,0,0,AMD,other,2.5,amd,1
Asus,Ultrabook,14.0,8,Windows 10,1.25,10.977734058532482,Intel,Intel,0,0,1920,157.3505121487356,256,0,0,Intel,i7,1.8,intel,0
HP,Ultrabook,12.5,8,Windows 10,0.97,11.58344841861755,Intel,Intel,1,1,3840,352.4651472131677,512,0,0,Intel,other,1.2,intel,0
Asus,Notebook,15.6,4,Windows 10,2.0,9.816257242491497,Intel,Intel,0,0,1920,141.21199808219862,0,1024,0,Intel,celeron,1.1,intel,0
MSI,Gaming,17.3,16,Windows 10,2.9,11.590868616270843,Intel,Nvidia,0,0,1920,127.33567457123112,256,1024,0,Intel,i7,2.8,nvidia,1
Acer,Notebook,15.6,4,Windows 10,2.1,10.07816160826124,Intel,Intel,0,0,1366,100.45466986113652,0,1024,0,Intel,i3,2.5,intel,0
Dell,Gaming,15.6,16,Windows 10,2.56,11.105882705023603,Intel,Nvidia,0,0,1920,141.21199808219862,512,0,0,Intel,i7,2.8,nvidia,1
Dell,Gaming,15.6,8,Windows 10,2.62,10.776864937870439,Intel,Nvidia,0,0,1920,141.21199808219862,0,0,1,Intel,i7,2.8,nvidia,1
Lenovo,Notebook,15.6,4,Windows 10,1.9,10.1861987908373,Intel,Intel,0,0,1366,100.45466986113652,128,0,0,Intel,i5,2.5,intel,0
MSI,Gaming,17.3,16,Windows 10,2.8,11.519903064802,Intel,Nvidia,0,0,1920,127.33567457123112,256,1024,0,Intel,i7,2.8,nvidia,1
HP,Ultrabook,14.0,4,Windows 10,1.48,10.962144831854813,Intel,Intel,0,0,1920,157.3505121487356,256,0,0,Intel,i5,2.7,intel,0
HP,Notebook,15.6,6,Windows 10,1.91,10.403696619569766,Intel,AMD,0,0,1920,141.21199808219862,256,0,0,Intel,i5,1.6,amd,1
Lenovo,2 in 1 Convertible,14.0,4,Windows 10,1.74,10.419722121547444,Intel,Intel,1,1,1920,157.3505121487356,256,0,0,Intel,i3,2.4,intel,0
Asus,2 in 1 Convertible,13.3,8,Windows 10,1.1,11.157167243570104,Intel,Intel,1,0,1920,165.6321180513006,256,0,0,Intel,i5,1.6,intel,0
Dell,2 in 1 Convertible,15.6,8,Windows 10,1.56,10.9311715265263,Intel,Intel,1,0,1920,141.21199808219862,256,0,0,Intel,i7,1.8,intel,0
Toshiba,Notebook,15.6,4,Windows 10,2.1,10.07816160826124,Intel,Intel,0,0,1366,100.45466986113652,0,500,0,Intel,i3,2.2,intel,0
Asus,Notebook,15.6,4,Windows 10,2.03,9.974544159721564,AMD,AMD,0,0,1366,100.45466986113652,0,1024,0,AMD,other,2.5,amd,1
Acer,Notebook,17.3,4,Windows 10,3.0,10.666426618619608,Intel,Nvidia,0,1,1920,127.33567457123112,256,0,0,Intel,i5,1.6,nvidia,1
Dell,Notebook,15.6,8,Windows 10,2.13,10.565887855372269,Intel,AMD,0,0,1920,141.21199808219862,256,0,0,Intel,i5,1.6,amd,1
Lenovo,Gaming,15.6,16,Windows 10,2.5,10.959368385934692,Intel,Nvidia,0,1,1920,141.21199808219862,256,0,0,Intel,i7,2.8,nvidia,1
Acer,Notebook,15.6,4,Windows 10,2.1,9.82781743779585,Intel,Intel,0,0,1366,100.45466986113652,0,1024,0,Intel,celeron,1.1,intel,0
MSI,Gaming,15.6,16,Windows 10,2.4,11.470557693018055,Intel,Nvidia,0,1,1920,141.21199808219862,256,1024,0,Intel,i7,2.8,nvidia,1
Acer,Notebook,15.6,4,Windows 10,2.1,9.87141946386704,Intel,Intel,0,0,1366,100.45466986113652,0,1024,0,Intel,other,1.1,intel,0
Dell,Gaming,15.6,8,Windows 10,2.56,10.942065068725807,Intel,Nvidia,0,0,1920,141.21199808219862,128,1024,0,Intel,i7,2.8,nvidia,1
Acer,Notebook,17.3,8,Windows 10,3.0,10.725514197260196,Intel,Nvidia,0,1,1920,127.33567457123112,256,0,0,Intel,i5,1.6,nvidia,1
HP,Notebook,13.3,4,Windows 10,1.49,10.600978286196554,Intel,Intel,0,1,1920,165.6321180513006,0,500,0,Intel,i5,1.6,intel,0
Huawei,Ultrabook,13.0,8,Windows 10,1.05,11.182693795440782,Intel,Intel,0,1,2160,199.69207064108247,256,0,0,Intel,i5,2.5,intel,0
HP,Notebook,17.3,6,Windows 10,2.71,10.525238618990686,Intel,AMD,0,1,1920,127.33567457123112,0,2048,0,Intel,i5,2.5,amd,1
Lenovo,Notebook,15.6,4,No OS,2.2,9.708963041637261,AMD,AMD,0,0,1366,100.45466986113652,0,500,0,AMD,other,2.9,amd,1
Toshiba,Notebook,15.6,4,Windows 10,2.0,10.16796189691066,Intel,Intel,0,0,1366,100.45466986113652,0,500,0,Intel,i3,2.4,intel,0
HP,Notebook,17.3,8,Windows 10,2.5,10.803210595055619,Intel,Nvidia,0,0,1920,127.33567457123112,256,0,0,Intel,i5,1.6,nvidia,1
Dell,Notebook,15.6,8,Windows 10,2.3,10.104652126020449,Intel,Intel,0,0,1366,100.45466986113652,0,1024,0,Intel,i3,2.4,intel,0
Acer,Notebook,15.6,4,Windows 10,2.1,10.082625714367484,Intel,Intel,0,0,1366,100.45466986113652,128,0,0,Intel,i3,2.5,intel,0
Lenovo,Notebook,15.6,8,Windows 10,1.9,10.676315221329915,Intel,AMD,0,0,1920,141.21199808219862,128,1024,0,Intel,i5,2.5,amd,1
HP,2 in 1 Convertible,13.3,8,Windows 10,1.29,11.288127045116099,Intel,Intel,1,1,3840,331.2642361026012,256,0,0,Intel,i5,1.6,intel,0
Dell,Notebook,15.6,16,Linux,2.02,10.9311715265263,Intel,AMD,0,0,1920,141.21199808219862,256,2048,0,Intel,i7,1.8,amd,1
Dell,Ultrabook,13.3,8,Windows 10,1.23,11.219087416653776,Intel,Intel,0,0,1920,165.6321180513006,256,0,0,Intel,i5,1.6,intel,0
Lenovo,2 in 1 Convertible,13.9,16,Windows 10,1.4,11.497971408335056,Intel,Intel,1,1,3840,316.96506044349616,512,0,0,Intel,i7,1.8,intel,0
Toshiba,Notebook,15.6,8,Windows 10,2.0,10.651407915643352,Intel,Intel,0,0,1366,100.45466986113652,128,0,0,Intel,i5,2.5,intel,0
Xiaomi,Notebook,15.6,8,No OS,1.95,11.064819834822508,Intel,Nvidia,0,1,1920,141.21199808219862,256,0,0,Intel,i5,1.6,nvidia,1
Dell,Notebook,17.3,16,Windows 10,2.77,11.320937983275899,Intel,Nvidia,1,0,1920,127.33567457123112,512,0,0,Intel,i7,1.8,nvidia,1
Dell,Notebook,15.6,16,Windows 10,2.06,11.757542090743819,Intel,Nvidia,1,0,3840,282.42399616439724,512,0,0,Intel,i7,2.8,nvidia,1
Lenovo,Gaming,15.6,8,No OS,2.4,10.633596165225693,Intel,Nvidia,0,1,1920,141.21199808219862,256,0,0,Intel,i5,2.5,nvidia,1
Acer,Ultrabook,13.3,8,Windows 10,1.12,10.87227433519628,Intel,Intel,0,1,1920,165.6321180513006,256,0,0,Intel,i5,1.2,intel,0
Dell,Notebook,17.3,8,Windows 10,2.8,10.964913590461473,Intel,AMD,0,0,1920,127.33567457123112,128,1024,0,Intel,i7,1.8,amd,1
Lenovo,2 in 1 Convertible,14.0,16,Windows 10,1.42,11.92147727098776,Intel,Intel,1,0,2560,209.8006828649808,1024,0,0,Intel,i7,2.7,intel,0
Xiaomi,Ultrabook,13.3,8,No OS,1.3,10.883235070683604,Intel,Nvidia,0,1,1920,165.6321180513006,256,0,0,Intel,i5,2.5,nvidia,1
Lenovo,Notebook,17.3,8,No OS,2.8,10.523807017986531,Intel,Nvidia,0,0,1600,106.11306214269258,256,0,0,Intel,i5,1.6,nvidia,1
Dell,2 in 1 Convertible,13.3,8,Windows 10,1.62,10.707794102852903,Intel,Intel,1,1,1920,165.6321180513006,0,1024,0,Intel,i7,1.8,intel,0
HP,Notebook,17.3,8,Windows 10,2.5,10.793412132233401,Intel,Nvidia,0,1,1920,127.33567457123112,0,1024,0,Intel,i5,1.6,nvidia,1
HP,Notebook,13.3,8,Windows 10,1.49,10.841471672111513,Intel,Intel,0,0,1920,165.6321180513006,512,0,0,Intel,i5,1.6,intel,0
HP,Gaming,17.3,16,Windows 10,3.35,11.204688514352517,Intel,Nvidia,0,1,1920,127.33567457123112,256,1024,0,Intel,i7,2.8,nvidia,1
HP,Notebook,17.3,8,Windows 10,2.5,10.927351151014033,Intel,Nvidia,0,0,1920,127.33567457123112,256,0,0,Intel,i7,1.8,nvidia,1
Dell,Gaming,15.6,16,Windows 10,2.65,11.49580575542942,Intel,Nvidia,0,1,3840,282.42399616439724,512,1024,0,Intel,i7,2.8,nvidia,1
Lenovo,Notebook,15.6,4,Windows 10,2.1,10.176108270075046,Intel,Intel,0,0,1366,100.45466986113652,128,0,0,Intel,i5,2.3,intel,0
Acer,Notebook,15.6,8,Windows 10,2.23,10.58493556391622,Intel,Nvidia,0,0,1920,141.21199808219862,0,1024,0,Intel,i7,2.7,nvidia,1
Lenovo,Gaming,15.6,16,Windows 10,3.2,11.442371232335963,Intel,Nvidia,0,1,1920,141.21199808219862,512,1024,0,Intel,i7,2.8,nvidia,1
Dell,Workstation,15.6,16,Windows 10,2.8,12.000102041442123,Intel,Nvidia,0,0,3840,282.42399616439724,256,1024,0,Intel,other,2.5,nvidia,1
Lenovo,Gaming,15.6,16,No OS,2.4,11.21837237437838,Intel,Nvidia,0,0,1920,141.21199808219862,512,0,0,Intel,i7,2.8,nvidia,1
Dell,Notebook,15.6,6,Windows 10,2.3,10.060103191853011,Intel,Intel,1,0,1366,100.45466986113652,0,1024,0,Intel,i3,2.4,intel,0
Dell,Ultrabook,13.3,8,Windows 10,1.21,11.550642355641386,Intel,Intel,1,1,3840,331.2642361026012,256,0,0,Intel,i7,1.8,intel,0
Dell,Ultrabook,13.3,8,Windows 10,1.2,11.25420292138043,Intel,Intel,0,0,1920,165.6321180513006,256,0,0,Intel,i7,1.8,intel,0
Lenovo,Notebook,15.6,8,Windows 10,2.2,10.367509577604206,Intel,Intel,0,0,1366,100.45466986113652,256,0,0,Intel,i5,2.5,intel,0
Acer,Notebook,15.6,8,Linux,2.4,10.633596165225693,Intel,Nvidia,0,0,1920,141.21199808219862,0,1024,0,Intel,i7,2.8,nvidia,1
Asus,Gaming,17.3,16,Windows 10,2.9,11.22478942282313,Intel,Nvidia,0,0,1920,127.33567457123112,256,1024,0,Intel,i7,2.8,nvidia,1
HP,Notebook,15.6,4,No OS,2.1,9.830686725695612,Intel,Intel,0,0,1920,141.21199808219862,0,500,0,Intel,i3,2.5,intel,0
Lenovo,Notebook,15.6,8,No OS,2.2,10.283693654349953,Intel,Intel,0,0,1920,141.21199808219862,256,0,0,Intel,i5,2.5,intel,0
Huawei,Ultrabook,13.0,8,Windows 10,1.05,11.288127045116099,Intel,Intel,0,1,2160,199.69207064108247,512,0,0,Intel,i7,2.7,intel,0
Dell,Ultrabook,13.3,8,Windows 10,1.4,10.812785217817558,Intel,AMD,0,1,1920,165.6321180513006,256,0,0,Intel,i7,1.8,amd,1
Lenovo,Notebook,17.3,8,No OS,2.8,10.354019074857808,Intel,Nvidia,0,0,1600,106.11306214269258,0,1024,0,Intel,i5,2.5,nvidia,1
HP,Notebook,14.0,8,Windows 10,1.63,10.91386371451479,Intel,Nvidia,0,0,1920,157.3505121487356,256,0,0,Intel,i7,1.8,nvidia,1
Dell,Ultrabook,14.0,8,Windows 10,1.6,11.022224638820209,Intel,Intel,0,0,1920,157.3505121487356,256,0,0,Intel,i5,1.6,intel,0
Dell,2 in 1 Convertible,13.3,16,Windows 10,1.62,11.12940950226841,Intel,Intel,1,0,1920,165.6321180513006,512,0,0,Intel,i7,1.8,intel,0
Dell,Notebook,15.6,8,Linux,2.2,10.49377686098958,Intel,AMD,0,0,1920,141.21199808219862,256,0,0,Intel,i5,1.6,amd,1
Lenovo,2 in 1 Convertible,14.0,8,Windows 10,1.74,10.776864937870439,Intel,Intel,0,1,1920,157.3505121487356,256,0,0,Intel,i5,1.6,intel,0
Toshiba,Ultrabook,13.3,8,Windows 10,1.2,11.19301822802371,Intel,Intel,0,0,1920,165.6321180513006,256,0,0,Intel,i7,2.5,intel,0
HP,Notebook,15.6,8,Windows 10,2.1,10.65266812544771,Intel,Intel,0,0,1920,141.21199808219862,0,1024,0,Intel,i5,1.6,intel,0
Dell,Gaming,17.3,16,Windows 10,4.42,11.781996383319656,Intel,Nvidia,0,1,1920,127.33567457123112,256,1024,0,Intel,i7,2.8,nvidia,1
Acer,Notebook,15.6,8,Windows 10,2.2,10.699416025415209,Intel,Nvidia,0,0,1920,141.21199808219862,256,0,0,Intel,i7,2.7,nvidia,1
Dell,Notebook,15.6,16,Windows 10,2.3,10.73136343865531,Intel,AMD,1,0,1920,141.21199808219862,0,1024,0,Intel,i7,2.7,amd,1
Asus,Notebook,15.6,8,Windows 10,2.0,10.620676402161354,Intel,Nvidia,0,0,1920,141.21199808219862,256,0,0,Intel,i5,2.5,nvidia,1
Asus,Notebook,17.3,8,Windows 10,2.69,10.767926518316962,Intel,Nvidia,0,0,1920,127.33567457123112,256,500,0,Intel,i5,2.5,nvidia,1
HP,Notebook,15.6,8,Windows 10,1.9,11.121560284041063,Intel,AMD,0,0,1920,141.21199808219862,0,1024,0,Intel,i7,2.7,amd,1
Asus,Notebook,15.6,4,Windows 10,2.37,9.964544419744591,Intel,Intel,0,0,1366,100.45466986113652,0,1024,0,Intel,i3,2.4,intel,0
HP,Notebook,15.6,4,Windows 10,2.1,9.77471055413221,AMD,AMD,0,0,1366,100.45466986113652,0,500,0,AMD,other,1.5,amd,1
Lenovo,Gaming,15.6,16,Windows 10,3.2,11.288127045116099,Intel,Nvidia,0,1,1920,141.21199808219862,256,1024,0,Intel,i7,2.8,nvidia,1
Dell,Notebook,14.0,8,Windows 10,1.6,10.731351797533883,Intel,Intel,0,0,1920,157.3505121487356,256,0,0,Intel,i5,2.5,intel,0
Acer,2 in 1 Convertible,13.3,8,Windows 10,1.6,10.510829537468052,Intel,Intel,1,1,1920,165.6321180513006,256,0,0,Intel,i5,2.3,intel,0
Dell,Notebook,15.6,16,Linux,2.36,10.776864937870439,Intel,AMD,0,0,1920,141.21199808219862,256,0,0,Intel,i7,2.7,amd,1
Acer,Notebook,15.6,4,Linux,2.1,9.941755889245979,Intel,Intel,0,0,1366,100.45466986113652,0,1024,0,Intel,i3,2.5,intel,0
Asus,Notebook,15.6,4,Windows 10,2.2,10.329963707833757,AMD,AMD,0,0,1920,141.21199808219862,128,1024,0,AMD,other,2.5,amd,1
Asus,Gaming,17.3,32,Windows 10,4.7,12.241730287709276,Intel,Nvidia,0,0,1920,127.33567457123112,512,1024,0,Intel,i7,2.9,nvidia,1
Acer,Gaming,15.6,8,Windows 10,2.5,10.71610257089814,Intel,Nvidia,0,1,1920,141.21199808219862,256,0,0,Intel,i5,2.5,nvidia,1
Lenovo,Notebook,15.6,8,Windows 10,2.2,10.354019074857808,Intel,Intel,0,0,1366,100.45466986113652,128,0,0,Intel,i3,2.5,intel,0
Asus,Notebook,17.3,8,Windows 10,2.1,11.018737334023916,Intel,Nvidia,0,0,1920,127.33567457123112,128,1024,0,Intel,i7,1.8,nvidia,1
Asus,Notebook,17.3,8,No OS,2.69,10.765679373749014,Intel,Nvidia,0,0,1920,127.33567457123112,128,1024,0,Intel,i7,2.7,nvidia,1
Dell,Gaming,15.6,8,Windows 10,2.56,10.754367276099781,Intel,Nvidia,0,0,1920,141.21199808219862,256,0,0,Intel,i5,2.5,nvidia,1
Lenovo,2 in 1 Convertible,13.9,8,Windows 10,1.38,10.959368385934692,Intel,Intel,1,1,1920,158.48253022174808,256,0,0,Intel,i7,2.7,intel,0
Dell,Notebook,15.6,8,Windows 10,2.2,10.868221721810269,Intel,AMD,0,0,1920,141.21199808219862,128,2048,0,Intel,i7,1.8,amd,1
HP,Notebook,15.6,8,Windows 10,2.04,10.301744074438556,Intel,Intel,1,0,1366,100.45466986113652,0,1024,0,Intel,i5,2.5,intel,0
Asus,Gaming,17.3,16,Windows 10,3.6,11.98160146330393,Intel,Nvidia,0,0,1920,127.33567457123112,256,0,0,Intel,i7,2.9,nvidia,1
HP,Notebook,13.3,4,Windows 10,1.49,10.490301522301456,Intel,Intel,0,1,1920,165.6321180513006,0,500,0,Intel,i5,1.6,intel,0
Apple,Ultrabook,13.3,8,macOS,1.37,11.59627531340492,Intel,Intel,0,1,2560,226.98300468106115,512,0,0,Intel,i5,3.1,intel,0
Dell,2 in 1 Convertible,15.6,8,Windows 10,2.08,10.683668026512203,Intel,Intel,1,1,1920,141.21199808219862,0,1024,0,Intel,i7,1.8,intel,0
Asus,Gaming,17.3,16,Windows 10,4.3,11.470557693018055,Intel,Nvidia,0,0,1920,127.33567457123112,256,1024,0,Intel,i7,2.8,nvidia,1
Asus,Notebook,15.6,4,Windows 10,1.68,10.126203812574422,AMD,AMD,0,0,1366,100.45466986113652,0,1024,0,AMD,other,2.5,amd,1
Lenovo,2 in 1 Convertible,13.9,8,Windows 10,1.37,11.497971408335056,Intel,Intel,1,1,1920,158.48253022174808,512,0,0,Intel,i7,1.8,intel,0
Acer,Notebook,17.3,4,Windows 10,3.0,10.529521166038387,Intel,Nvidia,0,1,1920,127.33567457123112,256,0,0,Intel,i3,2.7,nvidia,1
Dell,Ultrabook,13.3,8,Windows 10,1.41,10.830989602063529,Intel,Intel,0,0,1920,165.6321180513006,256,0,0,Intel,i5,1.6,intel,0
HP,Notebook,15.6,8,Windows 10,1.91,10.075697828858553,AMD,AMD,0,0,1366,100.45466986113652,128,0,0,AMD,other,2.5,amd,1
HP,Notebook,17.3,16,Windows 10,2.9,10.94065909478203,Intel,Nvidia,0,1,1920,127.33567457123112,0,1024,0,Intel,i7,1.8,nvidia,1
MSI,Gaming,17.3,16,Windows 10,4.14,11.799214467550595,Intel,Nvidia,0,0,1920,127.33567457123112,512,1024,0,Intel,i7,2.8,nvidia,1
Lenovo,2 in 1 Convertible,15.6,8,Windows 10,2.0,11.413367194793471,Intel,Nvidia,1,1,1920,141.21199808219862,512,0,0,Intel,i7,2.8,nvidia,1
Dell,Notebook,17.3,8,Windows 10,2.8,11.016113851311959,Intel,AMD,0,0,1920,127.33567457123112,128,1024,0,Intel,i7,1.8,amd,1
Lenovo,Notebook,15.6,4,No OS,2.2,10.071427859772655,Intel,Intel,0,0,1920,141.21199808219862,256,0,0,Intel,i3,2.5,intel,0
HP,Notebook,15.6,4,Windows 10,2.1,10.557612160311693,Intel,Intel,0,1,1920,141.21199808219862,0,500,0,Intel,i5,1.6,intel,0
Dell,Notebook,15.6,4,Windows 10,2.18,10.46327361168887,Intel,Intel,0,0,1920,141.21199808219862,0,1024,0,Intel,i5,2.5,intel,0
Dell,Notebook,15.6,8,Windows 10,2.24,10.312419975886602,Intel,AMD,0,0,1920,141.21199808219862,0,1024,0,Intel,i5,2.5,amd,1
Dell,2 in 1 Convertible,15.6,8,Windows 10,2.67,10.65894546204638,Intel,Intel,1,0,1920,141.21199808219862,256,0,0,Intel,i5,1.6,intel,0
Asus,2 in 1 Convertible,13.3,8,Windows 10,1.1,11.288127045116099,Intel,Intel,1,0,1920,165.6321180513006,512,0,0,Intel,i7,1.8,intel,0
Lenovo,Notebook,15.6,4,No OS,2.2,10.121930473176448,Intel,Intel,0,0,1920,141.21199808219862,0,1024,0,Intel,i5,2.5,intel,0
HP,Notebook,17.3,8,Windows 10,2.5,10.901174660077132,Intel,Nvidia,0,0,1920,127.33567457123112,0,1024,0,Intel,i7,1.8,nvidia,1
Lenovo,Notebook,15.6,8,Windows 10,2.05,10.755504261623273,Intel,Intel,0,0,1920,141.21199808219862,256,0,0,Intel,i7,1.8,intel,0
Apple,Ultrabook,13.3,8,macOS,1.37,11.55570897765527,Intel,Intel,0,1,2560,226.98300468106115,512,0,0,Intel,i5,2.9,intel,0
Asus,Gaming,17.3,16,Windows 10,3.2,11.320937983275899,AMD,AMD,0,0,1920,127.33567457123112,256,1024,0,AMD,other,2.5,amd,1
Dell,Notebook,15.6,8,Linux,2.14,10.575552291987458,Intel,AMD,0,0,1920,141.21199808219862,256,0,0,Intel,i7,1.8,amd,1
Lenovo,2 in 1 Convertible,14.0,16,Windows 10,1.36,11.799214467550595,Intel,Intel,1,0,2560,209.8006828649808,512,0,0,Intel,i7,2.6,intel,0
Toshiba,Notebook,15.6,8,Windows 10,2.2,10.675084480373934,Intel,Nvidia,0,0,1366,100.45466986113652,0,500,0,Intel,i7,2.5,nvidia,1
Dell,Notebook,15.6,12,Windows 10,2.3,10.545166939273855,Intel,Intel,0,0,1366,100.45466986113652,0,1024,0,Intel,i7,2.7,intel,0
Dell,Notebook,17.3,8,Linux,2.8,10.977734058532482,Intel,AMD,0,0,1920,127.33567457123112,128,1024,0,Intel,i7,1.8,amd,1
Acer,Notebook,15.6,8,Windows 10,2.2,10.588970437272568,Intel,Nvidia,0,1,1920,141.21199808219862,0,1024,0,Intel,i7,1.8,nvidia,1
Lenovo,Notebook,17.3,4,Windows 10,2.8,10.16796189691066,Intel,Intel,0,0,1600,106.11306214269258,0,1024,0,Intel,i3,2.5,intel,0
Lenovo,Notebook,17.3,8,No OS,2.8,10.719642319211694,Intel,Nvidia,0,0,1920,127.33567457123112,0,2048,0,Intel,i7,1.8,nvidia,1
Lenovo,Notebook,17.3,6,Windows 10,2.8,10.731351797533883,Intel,Nvidia,0,0,1600,106.11306214269258,128,1024,0,Intel,i7,2.7,nvidia,1
Dell,Notebook,15.6,4,Linux,2.25,10.034728073115927,Intel,AMD,0,0,1920,141.21199808219862,0,1024,0,Intel,i3,2.0,amd,1
Lenovo,Gaming,15.6,8,Windows 10,2.5,10.695803821362974,Intel,Nvidia,0,1,1920,141.21199808219862,256,0,0,Intel,i5,2.5,nvidia,1
Lenovo,Notebook,15.6,6,Windows 10,2.2,10.336895919115271,Intel,Intel,0,0,1920,141.21199808219862,256,0,0,Intel,i5,2.5,intel,0
Acer,Notebook,15.6,8,Windows 10,3.0,10.833094824406928,Intel,Nvidia,0,1,1920,141.21199808219862,256,0,0,Intel,i7,1.8,nvidia,1
Acer,Notebook,15.6,12,Windows 10,2.15,10.466313041010059,Intel,Intel,1,1,1920,141.21199808219862,0,1024,0,Intel,i7,2.7,intel,0
Lenovo,Notebook,15.6,8,Windows 10,1.95,10.975912595539462,Intel,Intel,0,1,1920,141.21199808219862,256,0,0,Intel,i7,2.7,intel,0
Asus,Ultrabook,15.6,8,Windows 10,1.7,10.86006688870326,Intel,Nvidia,0,0,1920,141.21199808219862,256,0,0,Intel,i5,2.5,nvidia,1
Lenovo,Gaming,15.6,16,Windows 10,2.5,11.04799884586991,Intel,Nvidia,0,1,1920,141.21199808219862,256,1024,0,Intel,i7,2.8,nvidia,1
Lenovo,Notebook,15.6,8,No OS,2.2,10.466328214969593,Intel,Nvidia,0,0,1920,141.21199808219862,0,1024,0,Intel,i7,2.7,nvidia,1
Asus,Gaming,17.3,8,Windows 10,3.0,11.054761232653416,Intel,Nvidia,0,0,1920,127.33567457123112,0,1024,0,Intel,i7,2.8,nvidia,1
HP,Notebook,17.3,8,Windows 10,2.54,10.16796189691066,Intel,Intel,0,0,1600,106.11306214269258,0,1024,0,Intel,i3,2.5,intel,0
Dell,Notebook,15.6,8,Windows 10,2.0,11.487095936335667,Intel,Nvidia,0,0,1920,141.21199808219862,256,0,0,Intel,i7,2.8,nvidia,1
Lenovo,Notebook,15.6,8,Windows 10,2.05,10.580884344379838,Intel,Intel,0,0,1920,141.21199808219862,256,0,0,Intel,i5,1.6,intel,0
Lenovo,Gaming,15.6,8,Windows 10,3.2,11.14492549142712,Intel,Nvidia,0,1,1920,141.21199808219862,0,1024,0,Intel,i7,2.8,nvidia,1
Acer,Notebook,15.6,8,Linux,2.5,10.862111839946362,Intel,Nvidia,0,0,1920,141.21199808219862,256,0,0,Intel,i7,2.8,nvidia,1
Dell,Workstation,17.3,16,Windows 10,3.42,11.94279918306742,Intel,Nvidia,0,0,1920,127.33567457123112,256,0,0,Intel,i7,2.9,nvidia,1
Lenovo,Notebook,15.6,6,Windows 10,2.4,10.188204734039374,AMD,AMD,0,0,1920,141.21199808219862,0,1024,0,AMD,other,2.4,amd,1
Asus,Ultrabook,15.6,16,Windows 10,1.63,11.267230020589693,Intel,Nvidia,0,0,1920,141.21199808219862,512,0,0,Intel,i7,2.7,nvidia,1
Asus,Notebook,14.0,4,Windows 10,1.3,10.20804591591181,Intel,Intel,0,0,1366,111.93520355955212,128,0,0,Intel,i3,2.4,intel,0
Asus,Gaming,17.3,16,Windows 10,2.9,11.635684190215565,Intel,Nvidia,0,0,1920,127.33567457123112,256,1024,0,Intel,i7,2.8,nvidia,1
Lenovo,Notebook,17.3,6,Windows 10,2.8,10.451022662038508,Intel,Nvidia,0,0,1600,106.11306214269258,0,1024,0,Intel,i5,2.5,nvidia,1
Lenovo,Notebook,15.6,8,No OS,2.2,10.283693654349953,Intel,Nvidia,0,0,1366,100.45466986113652,0,2048,0,Intel,i5,2.5,nvidia,1
Asus,Gaming,15.6,8,Windows 10,2.5,11.118403264255047,Intel,Nvidia,0,0,1920,141.21199808219862,128,1024,0,Intel,i7,2.8,nvidia,1
Lenovo,Notebook,15.6,4,No OS,2.2,9.86168941507667,Intel,Intel,0,0,1366,100.45466986113652,0,1024,0,Intel,other,1.1,intel,0
HP,2 in 1 Convertible,13.3,16,Windows 10,1.28,11.563894206696261,Intel,Intel,1,0,1920,165.6321180513006,256,0,0,Intel,i7,2.8,intel,0
Toshiba,Notebook,15.6,8,Windows 10,2.2,10.925435476055437,Intel,Nvidia,0,1,1920,141.21199808219862,256,0,0,Intel,i7,2.5,nvidia,1
Lenovo,Notebook,15.6,8,Windows 10,2.3,10.683668026512203,Intel,Nvidia,0,0,1920,141.21199808219862,128,1024,0,Intel,i5,2.5,nvidia,1
HP,Notebook,15.6,4,Windows 10,1.86,10.126203812574422,Intel,Intel,0,0,1920,141.21199808219862,0,1024,0,Intel,i3,2.5,intel,0
Lenovo,Notebook,13.3,8,Windows 10,1.1,10.882334592260529,Intel,Intel,0,1,1920,165.6321180513006,256,0,0,Intel,i5,2.5,intel,0
Dell,Ultrabook,13.3,16,Windows 10,1.21,11.799214467550595,Intel,Intel,1,1,3840,331.2642361026012,1024,0,0,Intel,i7,1.8,intel,0
MSI,Gaming,15.6,16,Windows 10,2.8,11.624786287779711,Intel,Nvidia,0,1,1920,141.21199808219862,256,1024,0,Intel,i7,2.8,nvidia,1
Acer,Notebook,15.6,8,Windows 10,2.23,10.126203812574422,AMD,AMD,0,0,1920,141.21199808219862,256,0,0,AMD,other,2.2,amd,1
Dell,Notebook,15.6,8,Windows 10,2.33,10.71373575845852,Intel,AMD,0,0,1920,141.21199808219862,128,1024,0,Intel,i5,1.6,amd,1
HP,2 in 1 Convertible,13.3,16,Windows 10,1.29,11.779003747004984,Intel,Intel,1,1,3840,331.2642361026012,1024,0,0,Intel,i7,1.8,intel,0
Lenovo,Notebook,13.3,4,Chrome OS,1.45,10.106610910488378,Intel,Intel,0,0,1366,117.82653006268644,0,0,0,Intel,celeron,1.6,intel,0
HP,Notebook,14.0,8,Windows 10,1.95,10.863132749518224,Intel,Intel,0,0,1920,157.3505121487356,256,0,0,Intel,i5,2.5,intel,0
Acer,Notebook,11.6,4,Windows 10,1.4,10.159748614913156,Intel,Intel,0,0,1366,135.0942111925629,0,0,0,Intel,other,1.6,intel,0
HP,Notebook,14.0,8,Windows 10,1.48,11.139522237379978,Intel,Intel,0,0,1920,157.3505121487356,256,0,0,Intel,i7,2.7,intel,0
Lenovo,Notebook,17.3,4,Windows 10,2.79,10.354019074857808,Intel,Nvidia,0,0,1600,106.11306214269258,0,1024,0,Intel,i5,2.5,nvidia,1
Asus,Notebook,14.0,8,Windows 10,2.0,10.973174165162662,Intel,Intel,0,0,1920,157.3505121487356,256,0,0,Intel,i7,2.7,intel,0
HP,Notebook,15.6,8,Windows 10,2.1,10.780196354025913,Intel,Intel,0,1,1366,100.45466986113652,0,1024,0,Intel,i7,1.8,intel,0
Acer,Notebook,15.6,8,Windows 10,2.2,10.466313041010059,AMD,AMD,0,0,1366,100.45466986113652,256,0,0,AMD,other,2.7,amd,1
Lenovo,Notebook,14.0,4,Windows 10,1.44,9.652379103040136,Intel,Intel,0,0,1366,111.93520355955212,0,0,0,Intel,celeron,1.1,intel,0
Acer,Notebook,15.6,6,Windows 10,2.23,10.283693654349953,Intel,Intel,0,0,1366,100.45466986113652,0,1024,0,Intel,i5,2.5,intel,0
Asus,Ultrabook,15.6,8,Windows 10,1.7,10.932029103313662,Intel,Nvidia,0,0,1920,141.21199808219862,256,0,0,Intel,i7,2.7,nvidia,1
HP,Ultrabook,12.5,8,Windows 10,1.26,11.17226165597048,Intel,Intel,0,0,1920,176.23257360658386,256,0,0,Intel,i7,2.7,intel,0
Dell,Notebook,15.6,32,Windows 10,2.06,11.853723474786245,Intel,Nvidia,1,0,3840,282.42399616439724,1024,0,0,Intel,i7,2.8,nvidia,1
MSI,Gaming,17.3,8,Windows 10,2.7,11.064819834822508,Intel,Nvidia,0,0,1920,127.33567457123112,256,1024,0,Intel,i7,2.8,nvidia,1
Toshiba,Notebook,15.6,8,Windows 10,2.0,10.824647211921786,Intel,Intel,0,1,1920,141.21199808219862,256,0,0,Intel,i5,2.5,intel,0
Asus,Notebook,14.0,8,Windows 10,2.0,11.171512322150534,Intel,Intel,0,0,1920,157.3505121487356,256,1024,0,Intel,i7,2.7,intel,0
Lenovo,Notebook,15.6,4,Windows 10,1.85,10.082625714367484,Intel,Intel,0,0,1920,141.21199808219862,0,1024,0,Intel,i3,2.5,intel,0
Asus,Gaming,15.6,8,Windows 10,2.5,10.882334592260529,Intel,Nvidia,0,0,1920,141.21199808219862,256,0,0,Intel,i7,2.8,nvidia,1
HP,Notebook,14.0,8,Windows 10,1.48,11.120771962987872,Intel,Intel,0,0,1920,157.3505121487356,256,0,0,Intel,i5,2.6,intel,0
Dell,Ultrabook,15.6,8,Windows 10,1.9,10.9311715265263,Intel,Nvidia,0,1,1920,141.21199808219862,128,1024,0,Intel,i5,1.6,nvidia,1
HP,Notebook,15.6,8,Windows 10,1.84,11.017863604303702,Intel,Intel,0,0,1920,141.21199808219862,256,0,0,Intel,i5,2.5,intel,0
Dell,Notebook,15.6,8,Windows 10,2.0,11.016770367521554,Intel,Nvidia,0,0,1920,141.21199808219862,256,0,0,Intel,i5,1.6,nvidia,1
Lenovo,Notebook,15.6,12,Windows 10,2.2,10.776864937870439,AMD,AMD,0,0,1920,141.21199808219862,0,2048,0,AMD,other,3.6,amd,1
HP,Notebook,15.6,8,Windows 10,2.1,10.549267406213417,Intel,Nvidia,0,1,1920,141.21199808219862,0,1024,0,Intel,i3,2.4,nvidia,1
Lenovo,2 in 1 Convertible,13.9,16,Windows 10,1.4,11.624786287779711,Intel,Intel,1,1,3840,316.96506044349616,512,0,0,Intel,i7,1.8,intel,0
Dell,Ultrabook,13.3,8,Windows 10,1.2,11.340119926907802,Intel,Intel,0,0,1920,165.6321180513006,256,0,0,Intel,i7,1.8,intel,0
Lenovo,Gaming,15.6,16,Windows 10,2.4,11.004665214485216,Intel,Nvidia,0,1,1920,141.21199808219862,256,2048,0,Intel,i7,2.8,nvidia,1
Dell,Ultrabook,15.6,16,Windows 10,1.88,11.358294272381869,Intel,Intel,0,0,1920,141.21199808219862,512,0,0,Intel,i7,1.9,intel,0
Asus,2 in 1 Convertible,11.6,4,Windows 10,1.5,9.902537101000133,Intel,Intel,1,0,1366,135.0942111925629,0,0,0,Intel,celeron,1.1,intel,0
Dell,Ultrabook,15.6,8,Windows 10,1.9,10.472364324869146,Intel,AMD,0,0,1920,141.21199808219862,0,1024,0,Intel,i5,1.6,amd,1
Dell,Notebook,15.6,16,Windows 10,2.06,11.590089611405006,Intel,Nvidia,1,0,3840,282.42399616439724,512,0,0,Intel,i7,2.8,nvidia,1
HP,Notebook,15.6,8,Windows 10,1.84,11.148767161842734,Intel,Intel,0,0,1920,141.21199808219862,256,0,0,Intel,i7,2.7,intel,0
MSI,Gaming,17.3,8,Windows 10,2.7,11.226209858672876,Intel,Nvidia,0,0,1920,127.33567457123112,128,1024,0,Intel,i7,2.8,nvidia,1
HP,Workstation,15.6,8,Windows 10,2.6,11.43621746829565,Intel,Nvidia,0,0,1920,141.21199808219862,256,0,0,Intel,i7,2.8,nvidia,1
Toshiba,Notebook,15.6,16,Windows 10,2.4,11.221942483842241,Intel,Nvidia,0,1,1920,141.21199808219862,512,0,0,Intel,i7,2.5,nvidia,1
Dell,Notebook,15.6,8,Windows 10,2.02,10.853803833731272,Intel,AMD,0,0,1920,141.21199808219862,128,2048,0,Intel,i7,1.8,amd,1
Lenovo,Notebook,15.6,4,No OS,2.2,9.750139803606897,Intel,Intel,0,0,1366,100.45466986113652,0,1024,0,Intel,celeron,1.1,intel,0
Dell,Gaming,15.6,8,Windows 10,2.65,10.882334592260529,Intel,Nvidia,0,0,1920,141.21199808219862,0,1024,0,Intel,i5,2.5,nvidia,1
Dell,Notebook,15.6,8,Windows 10,2.36,10.298823991756509,Intel,Intel,1,0,1366,100.45466986113652,0,2048,0,Intel,i5,2.5,intel,0
Dell,Notebook,14.0,8,Windows 10,1.36,11.23890379622848,Intel,Intel,0,0,1920,157.3505121487356,256,0,0,Intel,i5,2.6,intel,0
HP,Notebook,15.6,4,Windows 10,1.86,10.060103191853011,Intel,Intel,0,0,1366,100.45466986113652,0,500,0,Intel,i3,2.5,intel,0
Asus,Notebook,14.0,8,Windows 10,2.0,10.82676581465962,Intel,Intel,0,0,1920,157.3505121487356,256,0,0,Intel,i5,2.5,intel,0
Lenovo,Notebook,17.3,6,Windows 10,2.8,10.55344848760242,Intel,Nvidia,0,0,1600,106.11306214269258,128,1024,0,Intel,i5,2.5,nvidia,1
HP,Notebook,15.6,8,Windows 10,1.86,10.435494852273417,Intel,Intel,0,0,1920,141.21199808219862,0,1024,0,Intel,i5,2.5,intel,0
Lenovo,Notebook,15.6,8,No OS,2.2,10.188204734039374,Intel,Nvidia,0,0,1366,100.45466986113652,256,0,0,Intel,i3,2.5,nvidia,1
HP,Notebook,15.6,8,Windows 10,2.04,9.939188617449547,Intel,Intel,0,0,1366,100.45466986113652,0,2048,0,Intel,other,1.6,intel,0
Dell,Notebook,17.3,8,Windows 10,2.8,10.964913590461473,Intel,AMD,0,0,1920,127.33567457123112,128,1024,0,Intel,i5,1.6,amd,1
Lenovo,Gaming,15.6,8,No OS,2.4,10.671383142982906,Intel,Nvidia,0,1,1920,141.21199808219862,128,1024,0,Intel,i5,2.5,nvidia,1
Dell,Notebook,15.6,8,Windows 10,2.33,10.776864937870439,Intel,AMD,0,0,1920,141.21199808219862,256,0,0,Intel,i7,2.7,amd,1
HP,Ultrabook,14.0,8,Windows 10,1.36,11.442942818102907,Intel,Intel,0,1,1920,157.3505121487356,256,0,0,Intel,i7,2.7,intel,0
Asus,2 in 1 Convertible,15.6,12,Windows 10,2.26,10.977734058532482,Intel,Nvidia,1,0,1920,141.21199808219862,512,2048,0,Intel,i7,2.7,nvidia,1
Acer,Notebook,15.6,4,Windows 10,2.1,10.030044429673623,AMD,AMD,0,0,1366,100.45466986113652,128,0,0,AMD,other,2.5,amd,1
Asus,Gaming,17.3,16,Windows 10,3.25,11.671327551888611,AMD,AMD,0,1,1920,127.33567457123112,256,1024,0,AMD,other,2.5,amd,1
Lenovo,Notebook,17.3,4,Windows 10,2.6,10.16796189691066,AMD,AMD,0,0,1600,106.11306214269258,128,0,0,AMD,other,2.2,amd,1
Dell,2 in 1 Convertible,13.3,8,Windows 10,1.62,10.742937256552272,Intel,Intel,1,0,1920,165.6321180513006,256,0,0,Intel,i7,1.8,intel,0
HP,Notebook,15.6,4,Windows 10,1.91,10.167941447588701,AMD,AMD,0,0,1920,141.21199808219862,256,0,0,AMD,other,2.5,amd,1
Lenovo,Netbook,11.6,4,Windows 10,1.59,10.29095296708588,Intel,Intel,0,1,1366,135.0942111925629,128,0,0,Intel,celeron,1.1,intel,0
Dell,Notebook,15.6,4,Windows 10,1.8,9.708963041637261,Intel,Intel,0,0,1366,100.45466986113652,0,500,0,Intel,celeron,1.6,intel,0
Asus,Notebook,14.0,4,Windows 10,1.5,9.63161845996438,Intel,Intel,0,0,1366,111.93520355955212,0,0,0,Intel,celeron,1.1,intel,0
Acer,Notebook,15.6,8,Linux,2.4,10.71610257089814,Intel,Nvidia,0,0,1920,141.21199808219862,0,1024,0,Intel,i7,2.8,nvidia,1
HP,Gaming,17.3,8,Windows 10,3.35,11.058125354295145,Intel,Nvidia,0,1,1920,127.33567457123112,128,1024,0,Intel,i7,2.8,nvidia,1
Lenovo,Notebook,15.6,4,No OS,1.85,9.975784027776756,Intel,Intel,0,0,1920,141.21199808219862,128,0,0,Intel,i3,2.5,intel,0
Asus,Gaming,15.6,8,Windows 10,2.3,11.387128654624775,Intel,Nvidia,0,1,1920,141.21199808219862,128,1024,0,Intel,i7,2.8,nvidia,1
Lenovo,Notebook,14.0,8,Windows 10,1.5,10.977734058532482,Intel,Nvidia,0,1,1920,157.3505121487356,256,0,0,Intel,i5,2.5,nvidia,1
Asus,Ultrabook,13.3,16,Windows 10,1.1,11.442314055786095,Intel,Intel,1,0,1920,165.6321180513006,512,0,0,Intel,i7,2.7,intel,0
Lenovo,Ultrabook,14.0,8,Windows 10,1.13,11.708376781321808,Intel,Intel,0,1,2560,209.8006828649808,512,0,0,Intel,i7,2.7,intel,0
Lenovo,Notebook,13.3,4,Windows 10,1.5,10.283693654349953,Intel,Intel,0,1,1920,165.6321180513006,128,0,0,Intel,i3,2.4,intel,0
Dell,Workstation,15.6,8,Windows 10,2.23,11.197410561265002,Intel,AMD,0,0,1920,141.21199808219862,0,500,0,Intel,i5,2.6,amd,1
Dell,Workstation,15.6,8,Windows 10,2.0,11.641791742848616,Intel,Nvidia,0,1,1920,141.21199808219862,256,0,0,Intel,i7,2.7,nvidia,1
Lenovo,2 in 1 Convertible,14.0,16,Windows 10,1.42,11.803208053148005,Intel,Intel,1,0,2560,209.8006828649808,512,0,0,Intel,i7,2.7,intel,0
Asus,Gaming,17.3,8,Windows 10,3.0,10.921593081430734,Intel,Nvidia,0,0,1920,127.33567457123112,0,1024,0,Intel,i7,2.8,nvidia,1
Asus,Gaming,17.3,16,Windows 10,3.0,11.347690851338031,Intel,Nvidia,0,0,1920,127.33567457123112,256,1024,0,Intel,i7,2.8,nvidia,1
Acer,Notebook,15.6,12,Windows 10,2.2,10.518045621772615,Intel,Nvidia,0,1,1366,100.45466986113652,0,1024,0,Intel,i5,1.6,nvidia,1
MSI,Gaming,17.3,8,Windows 10,2.7,11.182693795440782,Intel,Nvidia,0,0,1920,127.33567457123112,256,0,0,Intel,i7,2.8,nvidia,1
Dell,Notebook,15.6,8,Linux,2.33,10.633429274704698,Intel,AMD,0,0,1920,141.21199808219862,256,0,0,Intel,i7,2.7,amd,1
HP,Ultrabook,15.6,4,Windows 10,1.91,10.188204734039374,AMD,AMD,0,0,1920,141.21199808219862,256,0,0,AMD,other,2.5,amd,1
Lenovo,Notebook,15.6,8,Windows 10,2.1,11.089987951528633,Intel,AMD,0,1,1920,141.21199808219862,256,0,0,Intel,i7,1.8,amd,1
Lenovo,Notebook,14.0,8,Windows 10,1.9,10.819330984386541,Intel,Intel,0,1,1920,157.3505121487356,256,0,0,Intel,i5,2.5,intel,0
Dell,Workstation,15.6,8,Windows 10,1.78,11.881009595905924,Intel,Nvidia,1,0,3840,282.42399616439724,256,0,0,Intel,i7,2.8,nvidia,1
Lenovo,Ultrabook,14.0,16,Windows 10,1.13,11.848404351239447,Intel,Intel,0,1,2560,209.8006828649808,1024,0,0,Intel,i7,2.7,intel,0
Lenovo,Notebook,15.6,4,Windows 10,2.2,9.699207462149198,Intel,Intel,0,0,1366,100.45466986113652,0,1024,0,Intel,celeron,1.1,intel,0
Asus,Gaming,17.3,16,Windows 10,2.9,11.307942507277987,Intel,Nvidia,0,0,1920,127.33567457123112,256,1024,0,Intel,i7,2.8,nvidia,1
Lenovo,Notebook,15.6,8,Windows 10,2.1,11.018300564589259,Intel,AMD,0,1,1920,141.21199808219862,256,1024,0,Intel,i5,1.6,amd,1
Acer,Notebook,15.6,8,Linux,2.5,10.754367276099781,Intel,Nvidia,0,0,1920,141.21199808219862,256,0,0,Intel,i7,2.8,nvidia,1
MSI,Gaming,17.3,16,Windows 10,2.8,11.693810323540696,Intel,Nvidia,0,0,1920,127.33567457123112,256,1024,0,Intel,i7,2.8,nvidia,1
Asus,Ultrabook,14.0,8,Windows 10,1.1,11.51086774932477,Intel,Intel,0,0,1920,157.3505121487356,512,0,0,Intel,i7,2.7,intel,0
Toshiba,Ultrabook,13.3,16,Windows 10,1.2,11.44122707973651,Intel,Intel,0,0,1920,165.6321180513006,512,0,0,Intel,i7,2.5,intel,0
Dell,Ultrabook,14.0,8,Windows 10,1.36,11.402121270453206,Intel,Intel,0,0,1920,157.3505121487356,512,0,0,Intel,i7,2.8,intel,0
Lenovo,Notebook,15.6,4,Windows 10,2.2,9.989322070632241,Intel,Intel,0,0,1920,141.21199808219862,0,500,0,Intel,i3,2.5,intel,0
Lenovo,Notebook,11.6,2,Windows 10,1.15,9.694129542502065,Intel,Intel,0,0,1366,135.0942111925629,0,0,0,Intel,celeron,1.1,intel,0
Lenovo,Workstation,15.6,8,Windows 10,2.67,11.538252022916238,Intel,Nvidia,0,0,1920,141.21199808219862,512,0,0,Intel,i7,2.8,nvidia,1
Lenovo,Ultrabook,14.0,8,Windows 10,1.7,11.547559135248338,Intel,Nvidia,0,1,2560,209.8006828649808,512,0,0,Intel,i7,2.8,nvidia,1
HP,Notebook,15.6,4,Windows 10,2.1,10.126203812574422,Intel,AMD,0,0,1920,141.21199808219862,0,1024,0,Intel,i3,2.5,amd,1
Acer,2 in 1 Convertible,13.3,8,Windows 10,1.6,10.646363808731104,Intel,Intel,1,1,1920,165.6321180513006,256,0,0,Intel,i7,2.5,intel,0
Asus,2 in 1 Convertible,13.3,8,Windows 10,1.27,10.808612983780158,Intel,Intel,1,1,1920,165.6321180513006,256,0,0,Intel,i5,2.5,intel,0
Dell,Notebook,15.6,4,Linux,2.3,10.370687003747133,Intel,AMD,0,0,1920,141.21199808219862,256,0,0,Intel,i5,2.5,amd,1
Dell,Notebook,13.3,4,Windows 10,1.65,10.510829537468052,Intel,Intel,0,0,1366,117.82653006268644,128,0,0,Intel,i3,2.5,intel,0
HP,Ultrabook,14.0,8,Windows 10,1.43,11.288793925756666,Intel,Intel,0,0,1920,157.3505121487356,256,0,0,Intel,i7,2.5,intel,0
Dell,Notebook,15.6,8,Windows 10,2.14,10.267072328504518,Intel,Intel,0,0,1366,100.45466986113652,0,1024,0,Intel,i5,2.5,intel,0
Lenovo,Ultrabook,14.0,8,Windows 10,1.75,11.078388532907343,Intel,AMD,0,1,1920,157.3505121487356,256,0,0,Intel,i7,1.8,amd,1
Lenovo,2 in 1 Convertible,15.6,16,Windows 10,2.0,11.524653620496773,Intel,Nvidia,1,1,3840,282.42399616439724,512,0,0,Intel,i7,2.8,nvidia,1
Chuwi,Notebook,12.3,6,Windows 10,1.4,10.082625714367484,Intel,Intel,0,1,2736,267.3384360344031,0,0,0,Intel,celeron,1.1,intel,0
HP,Notebook,15.6,8,Windows 10,2.31,11.23890379622848,Intel,Intel,0,0,1920,141.21199808219862,256,0,0,Intel,i7,2.9,intel,0
Asus,Notebook,15.6,8,Linux,2.3,10.367509577604206,Intel,Nvidia,0,0,1920,141.21199808219862,0,1024,0,Intel,i3,2.4,nvidia,1
Dell,Gaming,17.3,16,Windows 10,4.42,11.91258522125164,Intel,Nvidia,0,1,2560,169.78089942830815,256,1024,0,Intel,i7,2.9,nvidia,1
Dell,Gaming,15.6,8,Windows 10,2.62,11.030890063374128,Intel,Nvidia,0,1,1920,141.21199808219862,128,1024,0,Intel,i7,2.8,nvidia,1
Dell,Notebook,15.6,8,Windows 10,2.02,11.016464046926865,Intel,AMD,0,0,1920,141.21199808219862,256,2048,0,Intel,i7,1.8,amd,1
Dell,Ultrabook,14.0,8,Linux,1.6,10.977734058532482,Intel,Intel,0,0,1920,157.3505121487356,256,0,0,Intel,i7,2.8,intel,0
HP,Gaming,17.3,12,Windows 10,3.35,11.57597274976738,Intel,Nvidia,0,0,1920,127.33567457123112,256,1024,0,Intel,i7,2.8,nvidia,1
Mediacom,2 in 1 Convertible,11.6,4,Windows 10,1.16,9.676067369454655,Intel,Intel,1,1,1920,189.90579052433608,32,0,0,Intel,celeron,1.1,intel,0
Lenovo,Notebook,13.3,8,Windows 10,1.4,10.893285218834153,Intel,Intel,0,1,1920,165.6321180513006,256,0,0,Intel,i7,2.7,intel,0
Lenovo,Notebook,14.0,4,Windows 10,1.7,10.370853957360486,Intel,Intel,0,1,1920,157.3505121487356,128,0,0,Intel,i3,2.7,intel,0
Lenovo,Workstation,15.6,16,Windows 10,2.3,11.777369104499687,Intel,Nvidia,0,1,3840,282.42399616439724,512,0,0,Intel,i7,2.8,nvidia,1
Lenovo,Notebook,15.6,16,Windows 10,2.5,11.779003747004984,Intel,Nvidia,0,0,1920,141.21199808219862,512,0,0,Intel,i7,2.9,nvidia,1
Asus,Gaming,17.3,8,Windows 10,3.2,11.4110101190053,AMD,AMD,0,0,1920,127.33567457123112,256,1024,0,AMD,other,3.2,amd,1
HP,Notebook,15.6,4,Windows 10,2.1,9.824939893387057,Intel,Intel,0,0,1366,100.45466986113652,0,500,0,Intel,celeron,1.6,intel,0
Google,Ultrabook,12.3,16,Chrome OS,1.1,11.671327551888611,Intel,Intel,1,0,2400,234.50740003017813,512,0,0,Intel,i7,1.3,intel,0
Lenovo,Ultrabook,14.0,24,Windows 10,1.32,11.751264655532276,Intel,Intel,0,0,2560,209.8006828649808,512,0,0,Intel,i7,2.7,intel,0
Asus,Notebook,15.6,4,Linux,2.0,10.301744074438556,Intel,Intel,0,0,1920,141.21199808219862,256,0,0,Intel,i5,2.5,intel,0
Lenovo,Notebook,17.3,8,Windows 10,2.8,10.227501072075105,AMD,AMD,0,0,1600,106.11306214269258,0,1024,0,AMD,other,2.5,amd,1
Dell,Notebook,15.6,4,Windows 10,2.2,10.594325067871669,Intel,AMD,0,0,1920,141.21199808219862,256,0,0,Intel,i5,1.6,amd,1
Lenovo,Ultrabook,12.5,8,Windows 10,1.36,11.240304338273628,Intel,Intel,0,1,1920,176.23257360658386,256,0,0,Intel,i5,2.5,intel,0
Lenovo,Notebook,15.6,4,Windows 10,2.2,9.830686725695612,Intel,Intel,0,0,1920,141.21199808219862,128,0,0,Intel,other,1.1,intel,0
HP,Gaming,15.6,8,Windows 10,2.2,10.977734058532482,Intel,Nvidia,0,1,1920,141.21199808219862,128,1024,0,Intel,i7,2.8,nvidia,1
Dell,Notebook,14.0,8,Windows 10,1.64,11.04799884586991,Intel,Nvidia,0,0,1920,157.3505121487356,256,0,0,Intel,i5,2.8,nvidia,1
Acer,Notebook,15.6,4,Linux,2.4,10.066460798816403,Intel,Intel,0,0,1366,100.45466986113652,0,500,0,Intel,i5,2.5,intel,0
Dell,Workstation,15.6,8,Windows 10,2.23,11.572966763745677,Intel,Nvidia,0,0,1920,141.21199808219862,0,1024,0,Intel,other,2.5,nvidia,1
MSI,Gaming,15.6,8,Windows 10,2.2,10.910696783979338,Intel,Nvidia,0,0,1920,141.21199808219862,256,0,0,Intel,i5,2.5,nvidia,1
Microsoft,Ultrabook,13.5,16,Windows 10 S,1.25,11.834595255385269,Intel,Intel,1,0,2256,200.84255993695703,512,0,0,Intel,i7,2.5,intel,0
HP,Notebook,15.6,8,Windows 10,1.91,10.354019074857808,Intel,Intel,0,0,1366,100.45466986113652,128,0,0,Intel,i5,2.5,intel,0
Dell,Workstation,15.6,16,Windows 10,2.17,11.563894206696261,Intel,Nvidia,0,1,1920,141.21199808219862,256,0,0,Intel,i7,2.7,nvidia,1
HP,Workstation,15.6,8,Windows 10,2.31,11.311207243266212,Intel,Intel,0,1,1920,141.21199808219862,512,0,0,Intel,i7,2.9,intel,0
Lenovo,Notebook,14.0,8,Windows 10,1.65,11.17972427264563,Intel,Intel,0,0,1920,157.3505121487356,256,0,0,Intel,i5,2.5,intel,0
Dell,Notebook,15.6,8,Windows 10,2.36,10.862111839946362,Intel,AMD,0,0,1920,141.21199808219862,128,1024,0,Intel,i7,1.8,amd,1
Dell,2 in 1 Convertible,11.6,4,Windows 10,1.47,10.147300806108744,Intel,Intel,1,0,1366,135.0942111925629,0,500,0,Intel,other,1.6,intel,0
Dell,Notebook,17.3,8,Windows 10,4.42,11.5992121460979,Intel,Nvidia,0,1,1920,127.33567457123112,0,1024,0,Intel,i7,2.7,nvidia,1
Microsoft,Ultrabook,13.5,4,Windows 10 S,1.252,10.87227433519628,Intel,Intel,1,0,2256,200.84255993695703,128,0,0,Intel,other,2.2,intel,0
Microsoft,Ultrabook,13.5,8,Windows 10 S,1.25,11.470557693018055,Intel,Intel,1,0,2256,200.84255993695703,256,0,0,Intel,i7,2.5,intel,0
HP,Notebook,17.3,8,Windows 10,2.5,10.436902270731546,Intel,Intel,0,0,1600,106.11306214269258,256,0,0,Intel,i3,2.5,intel,0
Acer,Notebook,15.6,4,Windows 10,2.23,10.274544773906094,Intel,Nvidia,0,0,1920,141.21199808219862,0,1024,0,Intel,i3,2.5,nvidia,1
Acer,Netbook,11.6,4,Windows 10,1.4,10.0509502029849,Intel,Intel,0,0,1366,135.0942111925629,128,0,0,Intel,celeron,1.6,intel,0
Asus,Notebook,15.6,8,Windows 10,2.37,10.594325067871669,Intel,Intel,0,0,1920,141.21199808219862,0,1024,0,Intel,i5,2.5,intel,0
Lenovo,Notebook,14.0,8,No OS,1.5,10.65894546204638,Intel,AMD,0,1,1920,157.3505121487356,512,0,0,Intel,i7,2.7,amd,1
Lenovo,Notebook,15.6,8,Windows 10,2.67,11.620489351422806,Intel,Nvidia,0,0,1920,141.21199808219862,256,0,0,Intel,i7,2.9,nvidia,1
Asus,Notebook,15.6,4,Windows 10,2.0,9.692650465103508,Intel,Intel,0,0,1366,100.45466986113652,0,500,0,Intel,other,1.1,intel,0
Acer,Notebook,15.6,4,Windows 10,2.2,10.126203812574422,Intel,Nvidia,0,0,1366,100.45466986113652,0,500,0,Intel,i3,2.5,nvidia,1
Dell,Notebook,15.6,8,Windows 10,2.02,10.607587531607622,Intel,AMD,0,0,1920,141.21199808219862,0,2048,0,Intel,i5,1.6,amd,1
HP,Gaming,17.3,12,Windows 10,3.78,11.413367194793471,Intel,Nvidia,0,1,1920,127.33567457123112,0,1024,0,Intel,i7,2.8,nvidia,1
Lenovo,Ultrabook,14.0,12,Windows 10,1.4,11.502827047152728,Intel,Intel,0,1,2560,209.8006828649808,256,0,0,Intel,i7,2.6,intel,0
HP,2 in 1 Convertible,13.3,8,Windows 10,1.29,11.57597274976738,Intel,Intel,1,1,3840,331.2642361026012,512,0,0,Intel,i7,1.8,intel,0
HP,Notebook,15.6,8,Windows 10,1.9,11.02656673726564,Intel,AMD,0,0,1920,141.21199808219862,0,500,0,Intel,i5,2.5,amd,1
Google,Ultrabook,12.3,8,Chrome OS,1.1,11.126277204319269,Intel,Intel,1,0,2400,234.50740003017813,128,0,0,Intel,i5,1.2,intel,0
Dell,Ultrabook,13.3,8,Windows 10,1.42,11.494096996627102,Intel,Intel,1,0,1920,165.6321180513006,256,0,0,Intel,i5,1.6,intel,0
Asus,Notebook,15.6,12,Windows 10,2.06,11.14492549142712,Intel,Intel,0,1,3840,282.42399616439724,128,1024,0,Intel,i7,2.6,intel,0
Dell,Notebook,14.0,8,Windows 10,1.79,10.582236575309748,Intel,Intel,0,0,1366,111.93520355955212,128,0,0,Intel,i3,2.3,intel,0
Dell,Workstation,15.6,8,Windows 10,1.78,11.76212062696966,Intel,Nvidia,0,0,1920,141.21199808219862,256,0,0,Intel,i7,2.8,nvidia,1
Lenovo,Notebook,14.0,8,Windows 10,1.7,11.193751624635278,Intel,Intel,0,0,1920,157.3505121487356,180,0,0,Intel,i5,2.5,intel,0
Dell,Notebook,15.6,8,Windows 10,2.2,10.490301522301456,Intel,AMD,0,0,1920,141.21199808219862,0,1024,0,Intel,i5,1.6,amd,1
Toshiba,Notebook,13.3,8,Windows 10,1.05,11.397348045153949,Intel,Intel,0,1,1920,165.6321180513006,256,0,0,Intel,i5,2.5,intel,0
Dell,Notebook,15.6,8,Windows 10,2.16,11.116028941464197,Intel,Nvidia,0,1,1920,141.21199808219862,512,0,0,Intel,i7,1.8,nvidia,1
Dell,Notebook,15.6,4,Windows 10,2.18,10.349936178119012,Intel,Intel,0,0,1366,100.45466986113652,0,1024,0,Intel,i3,2.4,intel,0
HP,Notebook,13.3,4,Windows 10,1.49,10.563136893021344,Intel,Intel,0,1,1920,165.6321180513006,128,0,0,Intel,i5,1.6,intel,0
Lenovo,Notebook,15.6,4,Windows 10,2.3,10.312419975886602,Intel,Intel,0,0,1366,100.45466986113652,128,0,0,Intel,i3,2.0,intel,0
Lenovo,Notebook,14.0,8,Windows 10,1.75,10.9311715265263,Intel,Intel,0,1,1920,157.3505121487356,256,0,0,Intel,i5,1.6,intel,0
Dell,Workstation,15.6,16,Windows 10,2.17,11.732620195934564,Intel,Nvidia,0,1,1920,141.21199808219862,512,0,0,Intel,i7,2.7,nvidia,1
Dell,Notebook,15.6,16,Windows 10,2.06,11.524653620496773,Intel,Nvidia,0,0,1920,141.21199808219862,512,0,0,Intel,i7,2.8,nvidia,1
Lenovo,Ultrabook,12.5,16,Windows 10,1.36,11.470001679901523,Intel,Intel,0,1,1920,176.23257360658386,512,0,0,Intel,i7,2.7,intel,0
Asus,Ultrabook,12.5,16,Windows 10,0.91,11.551155302753232,Intel,Intel,0,0,1920,176.23257360658386,512,0,0,Intel,i7,2.7,intel,0
Lenovo,Notebook,15.6,8,Windows 10,2.3,10.895253540833279,Intel,Nvidia,0,1,1920,141.21199808219862,256,0,0,Intel,i5,2.5,nvidia,1
Toshiba,Ultrabook,13.3,32,Windows 10,1.05,11.91258522125164,Intel,Intel,1,0,1920,165.6321180513006,512,0,0,Intel,i7,2.7,intel,0
Asus,Gaming,15.6,8,Windows 10,1.99,11.183434800359647,Intel,Nvidia,0,0,1920,141.21199808219862,128,1024,0,Intel,i7,2.8,nvidia,1
Acer,Notebook,15.6,8,Windows 10,2.2,10.336895919115271,AMD,AMD,0,0,1366,100.45466986113652,0,1024,0,AMD,other,2.5,amd,1
Asus,Gaming,17.3,24,Windows 10,4.33,11.121560284041063,Intel,Nvidia,1,1,1920,127.33567457123112,256,1024,0,Intel,i7,2.6,nvidia,1
Lenovo,Ultrabook,12.5,8,Windows 10,1.3,10.977734058532482,Intel,Intel,0,1,1366,125.36742798669836,180,0,0,Intel,i5,2.3,intel,0
Lenovo,Notebook,15.6,8,Windows 10,2.17,10.776753699300672,Intel,Intel,0,0,1920,141.21199808219862,256,0,0,Intel,i7,1.8,intel,0
HP,Notebook,14.0,8,Windows 10,1.48,11.442371232335963,Intel,Intel,0,0,1920,157.3505121487356,1024,0,0,Intel,i7,2.8,intel,0
Lenovo,Notebook,13.3,8,Windows 10,1.4,10.830989602063529,Intel,Intel,0,1,1920,165.6321180513006,256,0,0,Intel,i3,2.4,intel,0
Lenovo,Notebook,15.6,8,Windows 10,2.3,10.790124525660513,Intel,Intel,0,1,1920,141.21199808219862,256,0,0,Intel,i5,2.5,intel,0
Asus,Netbook,11.6,4,Windows 10 S,1.2,9.804561844579837,Intel,Intel,0,0,1366,135.0942111925629,0,0,0,Intel,celeron,1.1,intel,0
HP,Notebook,15.6,8,Windows 10,1.91,10.403680464840251,Intel,AMD,0,0,1366,100.45466986113652,256,0,0,Intel,i5,2.5,amd,1
Lenovo,2 in 1 Convertible,13.9,8,Windows 10,1.4,11.352706476813816,Intel,Intel,1,1,1920,158.48253022174808,256,0,0,Intel,i5,1.6,intel,0
Lenovo,Notebook,14.0,4,Windows 10,2.1,9.676067369454655,Intel,Intel,0,0,1366,111.93520355955212,0,500,0,Intel,celeron,1.1,intel,0
Lenovo,Notebook,13.3,8,Windows 10,1.44,10.830989602063529,Intel,Intel,0,0,1920,165.6321180513006,256,0,0,Intel,i5,2.5,intel,0
Asus,Notebook,15.6,8,Windows 10,2.0,11.085455823148253,Intel,Intel,0,0,1920,141.21199808219862,256,1024,0,Intel,i7,2.7,intel,0
Acer,Notebook,15.6,4,Windows 10,2.2,10.393956579593214,Intel,Nvidia,0,1,1920,141.21199808219862,0,1024,0,Intel,i5,1.6,nvidia,1
HP,Ultrabook,13.3,8,Windows 10,1.34,11.163232376768585,Intel,Intel,0,1,1920,165.6321180513006,512,0,0,Intel,i7,2.7,intel,0
Lenovo,Gaming,15.6,8,No OS,2.4,11.022224638820209,Intel,Nvidia,0,1,1920,141.21199808219862,256,1024,0,Intel,i7,2.8,nvidia,1
Dell,Ultrabook,13.3,8,Windows 10,1.29,10.776864937870439,Intel,Intel,1,1,1920,165.6321180513006,128,0,0,Intel,i5,2.5,intel,0
Acer,Notebook,15.6,4,Windows 10,2.2,10.435494852273417,Intel,Nvidia,0,0,1920,141.21199808219862,0,500,0,Intel,i7,2.7,nvidia,1
Dell,Notebook,15.6,8,Windows 10,2.18,10.704212089745168,Intel,Intel,0,0,1920,141.21199808219862,0,1024,0,Intel,i5,2.5,intel,0
Dell,Notebook,15.6,16,Windows 10,2.2,11.08155941273309,Intel,AMD,0,0,1920,141.21199808219862,256,2048,0,Intel,i7,1.8,amd,1
Xiaomi,Notebook,15.6,16,No OS,1.95,11.219766233564348,Intel,Nvidia,0,1,1920,141.21199808219862,256,0,0,Intel,i7,1.8,nvidia,1
HP,Notebook,15.6,4,Windows 10,2.04,10.232248764043675,Intel,Intel,1,0,1366,100.45466986113652,0,1024,0,Intel,i5,1.6,intel,0
Asus,Gaming,15.6,24,Windows 10,2.24,11.971210954208564,Intel,Nvidia,0,0,1920,141.21199808219862,512,0,0,Intel,i7,2.8,nvidia,1
HP,Notebook,15.6,8,Windows 10,2.04,10.765679373749014,Intel,Nvidia,0,0,1920,141.21199808219862,256,0,0,Intel,i5,2.5,nvidia,1
Asus,Gaming,17.3,16,Windows 10,3.0,11.291457009898608,Intel,Nvidia,0,0,1920,127.33567457123112,256,1024,0,Intel,i7,2.8,nvidia,1
Lenovo,Gaming,15.6,8,Windows 10,3.2,11.219087416653776,Intel,Nvidia,0,1,1920,141.21199808219862,256,1024,0,Intel,i7,2.8,nvidia,1
HP,Ultrabook,13.3,8,Windows 10,1.32,11.219087416653776,Intel,Intel,0,1,1920,165.6321180513006,256,0,0,Intel,i7,2.7,intel,0
Dell,Notebook,14.0,8,Windows 10,1.64,11.129980089482057,Intel,Intel,0,0,1920,157.3505121487356,256,0,0,Intel,i5,2.6,intel,0
HP,Notebook,15.6,4,Windows 10,1.63,10.510829537468052,Intel,Intel,0,0,1366,100.45466986113652,128,0,0,Intel,i3,2.5,intel,0
Dell,Notebook,17.3,8,Linux,2.8,10.765679373749014,Intel,AMD,0,1,1920,127.33567457123112,128,1024,0,Intel,i5,1.6,amd,1
Lenovo,Notebook,14.0,8,Windows 7,2.02,11.175999925622857,Intel,Intel,0,0,1920,157.3505121487356,256,0,0,Intel,i5,2.3,intel,0
Lenovo,Notebook,15.6,4,Windows 10,2.2,10.65894546204638,Intel,Nvidia,0,0,1920,141.21199808219862,0,1024,0,Intel,i7,2.7,nvidia,1
Lenovo,Notebook,15.6,8,No OS,2.2,10.104652126020449,Intel,Nvidia,0,0,1366,100.45466986113652,0,2048,0,Intel,i3,2.5,nvidia,1
Dell,Notebook,15.6,4,Windows 10,2.3,10.347204956314746,Intel,AMD,0,0,1920,141.21199808219862,0,500,0,Intel,i5,2.5,amd,1
Dell,Notebook,15.6,8,Windows 10,1.9,11.20323715505582,Intel,Intel,0,0,1920,141.21199808219862,256,0,0,Intel,i5,2.8,intel,0
Dell,Gaming,17.3,16,Windows 10,4.42,11.986182456289773,Intel,Nvidia,0,1,1920,127.33567457123112,128,1024,0,Intel,i7,2.8,nvidia,1
Toshiba,Notebook,15.6,8,Windows 10,2.0,10.732515239391274,Intel,Intel,0,1,1920,141.21199808219862,0,500,0,Intel,i5,2.5,intel,0
Asus,Notebook,15.6,8,Windows 10,2.0,11.14492549142712,Intel,Nvidia,0,1,3840,282.42399616439724,256,1024,0,Intel,i7,2.7,nvidia,1
Mediacom,Notebook,13.3,4,Windows 10,1.2,9.88640853285114,Intel,Intel,0,1,1920,165.6321180513006,32,0,0,Intel,celeron,1.1,intel,0
Asus,Gaming,15.6,8,Windows 10,2.3,11.38349673063646,Intel,Nvidia,0,1,1920,141.21199808219862,128,1024,0,Intel,i5,2.5,nvidia,1
Dell,Notebook,15.6,8,Windows 10,1.93,11.197410561265002,Intel,Nvidia,0,0,1920,141.21199808219862,256,0,0,Intel,i7,2.8,nvidia,1
Dell,Notebook,15.6,8,Windows 10,2.2,10.656953538743746,Intel,AMD,0,0,1920,141.21199808219862,256,0,0,Intel,i5,1.6,amd,1
HP,Notebook,15.6,4,Windows 10,1.86,9.964544419744591,Intel,Intel,0,0,1920,141.21199808219862,256,0,0,Intel,other,1.6,intel,0
HP,Gaming,17.3,12,Windows 10,2.62,11.470557693018055,Intel,Nvidia,0,0,1920,127.33567457123112,0,1024,0,Intel,i7,2.8,nvidia,1
Lenovo,Notebook,14.0,8,Windows 10,1.87,10.731351797533883,Intel,Nvidia,0,1,1920,157.3505121487356,256,0,0,Intel,i7,2.7,nvidia,1
Dell,Ultrabook,13.3,8,Windows 10,1.2,11.219087416653776,Intel,Intel,1,0,3200,276.053530085501,256,0,0,Intel,i7,1.8,intel,0
Dell,Notebook,14.0,4,Windows 10,1.6,10.576640004149553,Intel,Intel,0,0,1920,157.3505121487356,128,0,0,Intel,i3,2.5,intel,0
HP,Ultrabook,13.3,8,Windows 10,1.34,11.018737334023916,Intel,Intel,0,1,3200,276.053530085501,256,0,0,Intel,i7,2.7,intel,0
Acer,Gaming,15.6,8,Linux,2.4,10.65769314316572,Intel,Nvidia,0,0,1920,141.21199808219862,0,1024,0,Intel,i5,2.5,nvidia,1
Asus,Notebook,15.6,4,Windows 10,2.0,9.830686725695612,AMD,AMD,0,0,1366,100.45466986113652,0,500,0,AMD,other,1.8,amd,1
HP,Notebook,15.6,4,Windows 10,2.1,10.534494400670454,Intel,Intel,0,0,1920,141.21199808219862,128,0,0,Intel,i3,2.4,intel,0
Lenovo,Notebook,14.0,4,Windows 10,1.87,10.641268652988298,Intel,Intel,0,0,1920,157.3505121487356,0,500,0,Intel,i5,2.5,intel,0
Lenovo,Notebook,15.6,4,No OS,2.15,10.111923799719232,Intel,Intel,0,0,1920,141.21199808219862,0,1024,0,Intel,i5,2.3,intel,0
HP,Notebook,15.6,4,Windows 10,1.86,9.959544582297465,Intel,Intel,0,0,1920,141.21199808219862,0,500,0,Intel,i3,2.5,intel,0
Lenovo,Notebook,15.6,8,Windows 10,1.99,11.430870367130519,Intel,Intel,0,1,1920,141.21199808219862,512,0,0,Intel,i7,2.7,intel,0
Lenovo,Notebook,15.6,4,Windows 10,2.2,10.188204734039374,Intel,Intel,0,0,1920,141.21199808219862,128,0,0,Intel,i3,2.5,intel,0
Dell,Notebook,15.6,8,Windows 10,1.9,10.9939706755559,Intel,Intel,0,0,1920,141.21199808219862,256,0,0,Intel,i5,2.5,intel,0
Dell,Gaming,17.3,16,Windows 10,4.42,11.876204593197345,Intel,Nvidia,0,1,1920,127.33567457123112,256,1024,0,Intel,i7,2.8,nvidia,1
HP,Notebook,17.3,8,Windows 10,2.65,10.274820461681916,Intel,Intel,0,0,1600,106.11306214269258,0,1024,0,Intel,i3,2.5,intel,0
HP,Notebook,17.3,8,Windows 10,2.63,11.130191046138895,Intel,Nvidia,0,0,1920,127.33567457123112,0,1024,0,Intel,i7,2.7,nvidia,1
Lenovo,Notebook,17.3,6,Windows 10,2.8,10.830989602063529,Intel,Nvidia,0,0,1600,106.11306214269258,128,1024,0,Intel,i7,2.7,nvidia,1
HP,Notebook,15.6,6,Windows 10,1.91,10.319298688776522,AMD,AMD,0,1,1920,141.21199808219862,128,0,0,AMD,other,2.5,amd,1
Dell,Notebook,15.6,4,Windows 10,2.18,10.401918032928819,Intel,AMD,0,0,1366,100.45466986113652,0,1024,0,Intel,i3,2.5,amd,1
Acer,2 in 1 Convertible,11.6,4,Windows 10,1.25,9.830686725695612,Intel,Intel,1,1,1920,189.90579052433608,0,0,0,Intel,celeron,2.0,intel,0
Lenovo,Notebook,15.6,4,Windows 10,2.05,10.421310636870407,Intel,Intel,0,0,1920,141.21199808219862,128,0,0,Intel,i3,2.7,intel,0
HP,Ultrabook,13.3,16,Windows 10,1.16,11.558818102026148,Intel,Intel,1,1,3200,276.053530085501,512,0,0,Intel,other,1.2,intel,0
Lenovo,Notebook,17.3,8,Windows 10,3.4,11.98160146330393,Intel,Nvidia,0,1,1920,127.33567457123112,256,0,0,Intel,i7,2.8,nvidia,1
Asus,Notebook,15.6,8,Windows 10,2.5,10.707794102852903,Intel,Nvidia,0,0,1920,141.21199808219862,128,1024,0,Intel,i5,2.5,nvidia,1
Dell,Ultrabook,13.3,8,Windows 10,1.21,11.352706476813816,Intel,Intel,1,1,3840,331.2642361026012,128,0,0,Intel,i5,1.6,intel,0
Dell,Notebook,15.6,4,Windows 10,1.93,10.841471672111513,Intel,Intel,0,0,1366,100.45466986113652,0,500,0,Intel,i5,2.6,intel,0
Fujitsu,Notebook,15.6,8,Windows 10,2.2,10.580884344379838,Intel,Intel,0,0,1366,100.45466986113652,0,1024,0,Intel,i5,2.5,intel,0
Lenovo,Notebook,15.6,4,Windows 10,2.2,9.816257242491497,Intel,Intel,0,0,1920,141.21199808219862,0,500,0,Intel,other,1.1,intel,0
Lenovo,Notebook,14.0,4,Windows 10,2.02,10.873284927533353,Intel,Intel,0,0,1366,111.93520355955212,0,500,0,Intel,i5,2.5,intel,0
HP,Workstation,17.3,8,Windows 10,3.14,11.504434994721837,Intel,Nvidia,0,0,1600,106.11306214269258,0,500,0,Intel,i5,2.8,nvidia,1
HP,Notebook,14.0,8,Windows 10,1.94,9.939188617449547,Intel,Intel,0,0,1366,111.93520355955212,0,2048,0,Intel,other,1.6,intel,0
HP,Notebook,15.6,6,Windows 10,1.95,10.451022662038508,AMD,AMD,0,1,1920,141.21199808219862,256,0,0,AMD,other,2.5,amd,1
Lenovo,Notebook,15.6,8,Windows 10,2.3,10.697009339741529,Intel,Intel,0,0,1920,141.21199808219862,256,0,0,Intel,i5,2.5,intel,0
Lenovo,Notebook,15.6,4,Windows 10,2.05,10.505007263781431,Intel,Intel,0,0,1920,141.21199808219862,0,500,0,Intel,i5,1.6,intel,0
Toshiba,Ultrabook,14.0,16,Windows 10,1.24,11.506587421942397,Intel,Intel,1,0,1920,157.3505121487356,512,0,0,Intel,i7,2.7,intel,0
Lenovo,Gaming,17.3,32,Windows 10,4.6,11.862776660000488,Intel,Nvidia,0,1,1920,127.33567457123112,256,1024,0,Intel,i7,2.7,nvidia,1
MSI,Gaming,17.3,16,Windows 10,4.14,11.887258424442937,Intel,Nvidia,0,0,1920,127.33567457123112,512,1024,0,Intel,i7,2.9,nvidia,1
Dell,Notebook,15.6,8,Linux,2.2,10.594338418582844,Intel,AMD,0,0,1920,141.21199808219862,256,0,0,Intel,i7,2.7,amd,1
Mediacom,Notebook,14.0,4,Windows 10,1.45,9.939188617449547,Intel,Intel,0,1,1920,157.3505121487356,32,0,0,Intel,celeron,1.1,intel,0
Dell,Notebook,15.6,8,Windows 10,1.9,10.891818824899195,Intel,Intel,0,0,1366,100.45466986113652,0,500,0,Intel,i5,2.6,intel,0
HP,Notebook,13.3,4,Windows 10,1.49,10.55344848760242,Intel,Intel,0,0,1920,165.6321180513006,128,0,0,Intel,i3,2.4,intel,0
Dell,Notebook,15.6,16,Windows 10,1.93,11.313414686766107,Intel,Nvidia,0,0,1920,141.21199808219862,256,0,0,Intel,i7,2.8,nvidia,1
Dell,Netbook,11.6,4,Chrome OS,1.26,9.662600003493079,Intel,Intel,0,0,1366,135.0942111925629,0,0,0,Intel,celeron,1.6,intel,0
MSI,Gaming,17.3,16,Windows 10,4.5,11.737314000969286,Intel,Nvidia,0,0,1920,127.33567457123112,128,1024,0,Intel,i7,2.7,nvidia,1
HP,Gaming,17.3,16,Windows 10,3.78,11.287459719448945,Intel,Nvidia,0,1,1920,127.33567457123112,256,1024,0,Intel,i7,2.8,nvidia,1
Lenovo,Ultrabook,14.0,12,Windows 10,1.4,11.397945945786494,Intel,Intel,0,1,1920,157.3505121487356,256,0,0,Intel,i7,2.6,intel,0
Lenovo,Notebook,15.6,12,Windows 10,2.2,10.387410112463472,Intel,Intel,1,0,1366,100.45466986113652,0,1024,0,Intel,i7,1.8,intel,0
Asus,Gaming,17.3,8,Windows 10,2.73,11.454306455567952,Intel,Nvidia,0,1,1920,127.33567457123112,128,1024,0,Intel,i5,2.5,nvidia,1
Asus,2 in 1 Convertible,15.6,8,Windows 10,2.2,10.580884344379838,Intel,Intel,1,0,1366,100.45466986113652,0,1024,0,Intel,i5,2.5,intel,0
Lenovo,Notebook,15.6,12,Windows 10,2.2,10.830989602063529,AMD,AMD,0,0,1920,141.21199808219862,512,0,0,AMD,other,3.6,amd,1
Dell,2 in 1 Convertible,11.6,4,Windows 10,1.39,10.377509348127942,Intel,Intel,1,0,1366,135.0942111925629,128,0,0,Intel,other,1.0,intel,0
Samsung,Notebook,15.6,16,Windows 10,2.5,11.413367194793471,Intel,Nvidia,0,0,1920,141.21199808219862,128,1024,0,Intel,i7,2.8,nvidia,1
Lenovo,Notebook,17.3,4,No OS,2.8,10.246584937175161,Intel,Intel,0,0,1920,127.33567457123112,0,500,0,Intel,i3,2.5,intel,0
Lenovo,Notebook,15.6,8,Windows 10,2.29,10.104652126020449,Intel,Intel,0,0,1366,100.45466986113652,0,1024,0,Intel,i3,2.3,intel,0
Lenovo,2 in 1 Convertible,13.3,8,Windows 10,1.37,11.588895274257608,Intel,Intel,1,1,1920,165.6321180513006,512,0,0,Intel,i7,2.7,intel,0
Lenovo,Notebook,14.0,8,Windows 10,1.7,11.271308832122036,Intel,Intel,0,1,1920,157.3505121487356,256,0,0,Intel,i5,2.5,intel,0
Dell,2 in 1 Convertible,12.5,8,Windows 10,1.34,11.396151170363474,Intel,Intel,1,0,1920,176.23257360658386,256,0,0,Intel,i5,2.5,intel,0
Dell,Workstation,15.6,8,Windows 10,2.06,11.450343854500035,Intel,Nvidia,1,0,1920,141.21199808219862,256,0,0,Intel,i7,2.8,nvidia,1
HP,Notebook,15.6,8,Windows 10,1.84,11.081362552451946,Intel,Intel,0,0,1920,141.21199808219862,256,0,0,Intel,i7,2.7,intel,0
HP,Notebook,15.6,4,Windows 10,2.1,10.480595580990489,Intel,Intel,0,0,1366,100.45466986113652,0,500,0,Intel,i3,2.4,intel,0
Acer,Notebook,14.0,4,Windows 10,1.6,9.771675823299722,Intel,Intel,0,0,1920,157.3505121487356,0,0,0,Intel,celeron,1.1,intel,0
MSI,Gaming,17.3,16,Windows 10,4.14,11.671327551888611,Intel,Nvidia,0,0,1920,127.33567457123112,128,1024,0,Intel,i7,2.7,nvidia,1
Dell,Notebook,15.6,4,Linux,2.18,10.117638793948517,Intel,AMD,0,0,1366,100.45466986113652,0,1024,0,Intel,i3,2.5,amd,1
MSI,Gaming,15.6,16,Windows 10,1.8,11.715798714845754,Intel,Nvidia,0,0,3840,282.42399616439724,256,2048,0,Intel,i7,2.8,nvidia,1
Toshiba,Notebook,15.6,8,Windows 10,2.2,11.219087416653776,Intel,Intel,0,1,1920,141.21199808219862,256,0,0,Intel,i7,2.5,intel,0
Lenovo,Notebook,15.6,6,Windows 10,2.4,10.310648555135304,Intel,Intel,0,0,1920,141.21199808219862,0,1024,0,Intel,i5,2.5,intel,0
Lenovo,2 in 1 Convertible,15.6,8,Windows 10,2.0,11.14492549142712,Intel,Intel,1,1,1920,141.21199808219862,256,0,0,Intel,i7,2.8,intel,0
Acer,Notebook,14.0,4,Windows 10,1.6,9.830686725695612,Intel,Intel,0,0,1366,111.93520355955212,0,0,0,Intel,other,1.6,intel,0
Dell,Gaming,15.6,16,Windows 10,2.59,10.754378652356438,Intel,Nvidia,0,0,1920,141.21199808219862,0,1024,0,Intel,i7,2.6,nvidia,1
Dell,Notebook,15.6,4,Linux,2.18,10.071202618702882,Intel,Intel,0,0,1366,100.45466986113652,0,1024,0,Intel,i3,2.0,intel,0
Dell,Notebook,15.6,4,Linux,2.25,9.858935694046775,Intel,Intel,0,0,1366,100.45466986113652,0,1024,0,Intel,i3,2.0,intel,0
Dell,Notebook,15.6,4,Linux,1.93,10.742925749387153,Intel,Intel,0,0,1366,100.45466986113652,0,500,0,Intel,i5,2.6,intel,0
Asus,Gaming,17.3,8,Windows 10,3.0,11.038625258642542,Intel,Nvidia,0,0,1920,127.33567457123112,128,1024,0,Intel,i7,2.8,nvidia,1
Dell,Notebook,15.6,4,Linux,2.18,10.319474445348318,Intel,AMD,0,0,1920,141.21199808219862,128,0,0,Intel,i5,2.5,amd,1
HP,Ultrabook,15.6,8,Windows 10,1.84,11.211913881327705,Intel,Intel,0,0,1920,141.21199808219862,512,0,0,Intel,i7,2.7,intel,0
MSI,Gaming,15.6,16,Windows 10,2.94,11.702161236727294,Intel,Nvidia,0,0,1920,141.21199808219862,256,1024,0,Intel,i7,2.8,nvidia,1
Acer,2 in 1 Convertible,11.6,4,Chrome OS,1.25,9.913146751905726,Intel,Intel,1,1,1366,135.0942111925629,0,0,0,Intel,celeron,1.6,intel,0
HP,Notebook,14.0,8,Windows 10,2.31,11.000226754739211,Intel,Intel,0,0,1366,111.93520355955212,256,0,0,Intel,i5,2.6,intel,0
Lenovo,Notebook,14.0,8,Windows 7,1.65,11.265184359047494,Intel,Intel,0,0,1920,157.3505121487356,256,0,0,Intel,i5,2.3,intel,0
Dell,Notebook,15.6,4,Windows 10,2.2,10.629737732680555,Intel,AMD,0,0,1920,141.21199808219862,0,1024,0,Intel,i5,1.6,amd,1
Fujitsu,Notebook,15.6,8,Windows 10,2.2,10.65894546204638,Intel,Intel,0,0,1366,100.45466986113652,256,0,0,Intel,i5,2.5,intel,0
HP,Notebook,15.6,4,Windows 7,1.88,10.81291397887887,Intel,Intel,0,0,1366,100.45466986113652,0,500,0,Intel,i5,2.3,intel,0
Lenovo,Notebook,15.6,8,Windows 10,2.2,10.776864937870439,Intel,Nvidia,0,0,1920,141.21199808219862,0,1024,0,Intel,i7,2.7,nvidia,1
Lenovo,Notebook,15.6,4,No OS,2.2,10.124069425552399,Intel,Intel,0,0,1920,141.21199808219862,128,0,0,Intel,i5,2.5,intel,0
Asus,2 in 1 Convertible,13.3,6,Windows 10,1.5,10.435510501143598,Intel,Intel,1,0,1920,165.6321180513006,0,1024,0,Intel,i5,2.5,intel,0
Dell,Notebook,15.6,8,Windows 10,2.0,11.482163118760115,Intel,Nvidia,0,0,1920,141.21199808219862,256,0,0,Intel,i7,2.8,nvidia,1
Asus,Ultrabook,14.0,16,Windows 10,1.1,11.525180069637228,Intel,Intel,0,0,1920,157.3505121487356,512,0,0,Intel,i7,2.7,intel,0
Dell,Gaming,15.6,16,Windows 10,2.62,11.274695179037376,Intel,Nvidia,0,0,1920,141.21199808219862,256,1024,0,Intel,i7,2.8,nvidia,1
Lenovo,Notebook,15.6,4,Windows 10,1.8,10.695803821362974,Intel,Intel,0,0,1920,141.21199808219862,256,0,0,Intel,i5,1.6,intel,0
Lenovo,Notebook,15.6,4,Windows 10,2.2,10.336895919115271,Intel,Nvidia,0,0,1920,141.21199808219862,0,1024,0,Intel,i3,2.5,nvidia,1
Asus,Notebook,15.6,8,Windows 10,2.0,9.964569481536397,Intel,Intel,0,0,1366,100.45466986113652,0,1024,0,Intel,celeron,1.1,intel,0
Asus,Notebook,15.6,8,Windows 10,1.99,10.78530512664034,Intel,Nvidia,0,0,1920,141.21199808219862,0,1024,0,Intel,i5,2.5,nvidia,1
Dell,Ultrabook,13.3,8,Windows 10,1.23,11.508729875782148,Intel,Intel,1,0,3200,276.053530085501,256,0,0,Intel,i5,1.6,intel,0
Lenovo,2 in 1 Convertible,13.3,8,Windows 10,1.37,11.447173809349158,Intel,Intel,1,1,1920,165.6321180513006,256,0,0,Intel,i7,2.7,intel,0
Dell,Notebook,15.6,16,Windows 10,2.06,11.75837611262137,Intel,Nvidia,1,0,3840,282.42399616439724,1024,0,0,Intel,i7,2.8,nvidia,1
Lenovo,Gaming,15.6,8,Windows 10,2.5,10.986791937486872,Intel,Nvidia,0,1,1920,141.21199808219862,128,1024,0,Intel,i7,2.8,nvidia,1
HP,Notebook,17.0,8,Windows 10,2.6,10.231155141758178,AMD,AMD,0,0,1600,107.98564559226952,0,1024,0,AMD,other,2.5,amd,1
Lenovo,Ultrabook,14.0,16,Windows 10,1.14,11.77941199046351,Intel,Intel,0,1,1920,157.3505121487356,512,0,0,Intel,i7,2.7,intel,0
Asus,Gaming,15.6,8,No OS,2.5,11.039481042980592,Intel,Nvidia,0,1,1920,141.21199808219862,0,1024,0,Intel,i7,2.8,nvidia,1
Acer,Notebook,15.6,4,Windows 10,2.4,10.08485031650177,Intel,Intel,0,0,1366,100.45466986113652,0,500,0,Intel,i3,2.5,intel,0
Acer,Ultrabook,14.0,8,Windows 10,1.8,10.798867571413842,Intel,Intel,0,1,1920,157.3505121487356,256,0,0,Intel,i5,2.5,intel,0
Razer,Gaming,14.0,16,Windows 10,1.95,11.838450282382281,Intel,Nvidia,0,0,1920,157.3505121487356,256,0,0,Intel,i7,2.8,nvidia,1
Toshiba,Notebook,13.3,8,Windows 10,1.2,11.076428408072776,Intel,Intel,0,0,1920,165.6321180513006,256,0,0,Intel,i5,2.3,intel,0
Lenovo,Ultrabook,12.5,8,Windows 10,1.36,11.343281447506488,Intel,Intel,0,1,1920,176.23257360658386,256,0,0,Intel,i7,2.7,intel,0
Asus,Gaming,17.3,32,Windows 10,3.8,11.91258522125164,Intel,Nvidia,0,1,1920,127.33567457123112,512,0,0,Intel,i7,2.7,nvidia,1
Acer,Gaming,15.6,8,Linux,2.4,10.539443024584216,Intel,Nvidia,0,0,1920,141.21199808219862,0,1024,0,Intel,i5,2.5,nvidia,1
Dell,Ultrabook,13.3,8,Windows 10,1.2,11.254823838538709,Intel,Intel,0,0,1920,165.6321180513006,256,0,0,Intel,i5,1.6,intel,0
MSI,Gaming,15.6,8,Windows 10,2.2,11.058796822674717,Intel,Nvidia,0,0,1920,141.21199808219862,128,1024,0,Intel,i7,2.8,nvidia,1
HP,Notebook,15.6,4,No OS,1.86,9.875235803727964,Intel,Intel,0,0,1366,100.45466986113652,0,500,0,Intel,i3,2.5,intel,0
Toshiba,Notebook,15.6,8,Windows 10,2.0,10.945369335798414,Intel,Intel,0,1,1920,141.21199808219862,0,500,0,Intel,i5,2.5,intel,0
Dell,Notebook,15.6,8,Windows 10,2.2,10.798867571413842,Intel,AMD,0,0,1920,141.21199808219862,256,0,0,Intel,i7,1.8,amd,1
Dell,Notebook,15.6,16,Windows 10,2.2,11.00996549237106,Intel,AMD,0,0,1920,141.21199808219862,256,2048,0,Intel,i7,1.8,amd,1
Lenovo,Gaming,15.6,8,Windows 10,3.31,11.062314653570054,Intel,Nvidia,0,1,1920,141.21199808219862,128,1024,0,Intel,i7,2.6,nvidia,1
Dell,Gaming,17.3,32,Windows 10,4.42,12.02988945197694,Intel,Nvidia,0,1,3840,254.67134914246225,512,1024,0,Intel,i7,2.8,nvidia,1
Dell,Notebook,14.0,8,Windows 10,1.56,11.089532407259076,Intel,Intel,0,0,1920,157.3505121487356,256,0,0,Intel,i5,2.4,intel,0
Lenovo,Notebook,15.6,4,Windows 10,2.2,10.01347673934858,Intel,Intel,0,0,1366,100.45466986113652,0,500,0,Intel,celeron,1.1,intel,0
Lenovo,Notebook,15.6,4,Windows 10,2.2,10.257862854323571,Intel,Intel,0,0,1920,141.21199808219862,0,500,0,Intel,i5,2.3,intel,0
HP,Notebook,15.6,6,Windows 10,2.04,10.265311417998271,Intel,AMD,0,0,1920,141.21199808219862,0,1024,0,Intel,i3,2.5,amd,1
MSI,Gaming,17.3,8,Windows 10,2.7,11.279934910664343,Intel,Nvidia,0,0,1920,127.33567457123112,128,1024,0,Intel,i7,2.8,nvidia,1
Toshiba,Notebook,15.6,4,Windows 10,2.1,10.1861987908373,Intel,Intel,0,0,1366,100.45466986113652,128,0,0,Intel,i3,2.1,intel,0
Dell,Notebook,15.6,8,Windows 10,2.06,10.837292019680758,Intel,Intel,0,0,1920,141.21199808219862,0,1024,0,Intel,i5,2.5,intel,0
HP,Notebook,15.6,8,Windows 10,2.1,10.588970437272568,Intel,AMD,0,0,1920,141.21199808219862,0,1024,0,Intel,i7,2.7,amd,1
Toshiba,Notebook,15.6,8,Windows 10,2.0,11.112854382911248,Intel,Intel,0,1,1920,141.21199808219862,256,0,0,Intel,i5,2.5,intel,0
Acer,Notebook,15.6,4,Linux,2.1,9.996629929808053,Intel,Intel,0,0,1366,100.45466986113652,128,0,0,Intel,i3,2.5,intel,0
Microsoft,Ultrabook,13.5,8,Windows 10 S,1.252,11.508114390288002,Intel,Intel,1,0,2256,200.84255993695703,256,0,0,Intel,i7,2.8,intel,0
Lenovo,Notebook,15.6,8,Windows 10,1.9,10.682385182116725,Intel,AMD,0,0,1920,141.21199808219862,128,1024,0,Intel,i5,2.5,amd,1
Lenovo,2 in 1 Convertible,13.3,8,Windows 10,1.3,10.916769232749665,Intel,Intel,1,1,1920,165.6321180513006,256,0,0,Intel,i5,2.5,intel,0
Lenovo,Notebook,15.6,4,Windows 10,2.2,9.830686725695612,AMD,AMD,0,0,1366,100.45466986113652,128,0,0,AMD,other,2.2,amd,1
HP,2 in 1 Convertible,14.0,4,Windows 10,1.63,10.525238618990686,Intel,Nvidia,1,1,1920,157.3505121487356,128,0,0,Intel,i3,2.4,nvidia,1
MSI,Gaming,15.6,16,Windows 10,2.4,11.141069005645882,Intel,Nvidia,0,0,1920,141.21199808219862,256,1024,0,Intel,i7,2.8,nvidia,1
Asus,Ultrabook,14.0,8,Windows 10,1.1,11.00996549237106,Intel,Intel,0,0,1920,157.3505121487356,256,0,0,Intel,i5,2.5,intel,0
HP,2 in 1 Convertible,11.6,8,Chrome OS,1.4,10.180156704786587,Intel,Intel,1,0,1366,135.0942111925629,0,0,0,Intel,celeron,1.1,intel,0
LG,Ultrabook,15.6,8,Windows 10,1.09,11.715798714845754,Intel,Intel,0,1,1920,141.21199808219862,512,0,0,Intel,i7,1.8,intel,0
Acer,Gaming,15.6,16,Windows 10,2.5,11.14492549142712,Intel,Nvidia,0,0,1920,141.21199808219862,256,0,0,Intel,i5,2.5,nvidia,1
MSI,Gaming,15.6,8,Windows 10,2.2,10.881232905211656,Intel,Nvidia,0,0,1920,141.21199808219862,256,0,0,Intel,i5,2.5,nvidia,1
Asus,Notebook,15.6,4,Windows 10,1.86,10.01347673934858,Intel,Intel,0,0,1366,100.45466986113652,128,0,0,Intel,celeron,1.1,intel,0
Dell,Gaming,15.6,16,Windows 10,3.21,11.601652935295686,Intel,Nvidia,0,0,1920,141.21199808219862,128,1024,0,Intel,i5,2.5,nvidia,1
HP,Notebook,17.3,4,Windows 10,2.5,10.525238618990686,Intel,AMD,0,1,1920,127.33567457123112,256,0,0,Intel,i3,2.5,amd,1
Lenovo,2 in 1 Convertible,13.3,8,Windows 10,1.19,11.288127045116099,Intel,Intel,1,1,1920,165.6321180513006,512,0,0,Intel,i7,1.8,intel,0
Dell,Gaming,15.6,16,Windows 10,3.49,11.917841088806224,Intel,Nvidia,0,0,1920,141.21199808219862,256,1024,0,Intel,i7,2.9,nvidia,1
HP,Notebook,15.6,4,Windows 10,1.86,10.393320181279313,Intel,AMD,0,0,1366,100.45466986113652,0,500,0,Intel,i5,2.5,amd,1
Dell,Notebook,15.6,4,Windows 10,2.2,10.277609818883528,Intel,AMD,0,0,1366,100.45466986113652,0,1024,0,Intel,i3,2.5,amd,1
HP,Notebook,17.3,6,Windows 10,2.65,10.319474445348318,AMD,AMD,0,1,1920,127.33567457123112,0,2048,0,AMD,other,2.4,amd,1
Lenovo,Notebook,15.6,4,Windows 10,2.1,9.737671428556059,Intel,Intel,0,0,1366,100.45466986113652,0,500,0,Intel,celeron,1.6,intel,0
Acer,Notebook,14.0,4,Chrome OS,1.45,9.902537101000133,Intel,Intel,0,0,1366,111.93520355955212,0,0,0,Intel,celeron,1.6,intel,0
Lenovo,Notebook,14.0,4,Windows 10,1.7,10.525238618990686,Intel,Intel,0,0,1920,157.3505121487356,256,0,0,Intel,i5,2.5,intel,0
HP,Workstation,17.3,8,Windows 10,3.14,11.529376474020564,Intel,Nvidia,0,0,1920,127.33567457123112,0,500,0,Intel,i7,2.8,nvidia,1
Lenovo,2 in 1 Convertible,14.0,8,Windows 10,1.42,11.834981427528328,Intel,Intel,1,0,2560,209.8006828649808,256,0,0,Intel,i7,2.7,intel,0
Toshiba,Notebook,13.3,8,Windows 10,1.5,10.855964397819733,Intel,Intel,0,1,1920,165.6321180513006,256,0,0,Intel,i5,2.5,intel,0
Lenovo,2 in 1 Convertible,14.0,16,Windows 10,1.38,11.442371232335963,Intel,Intel,1,0,1920,157.3505121487356,512,0,0,Intel,i7,2.7,intel,0
Asus,2 in 1 Convertible,12.5,4,Chrome OS,1.2,10.48137314092762,Intel,Intel,1,0,1920,176.23257360658386,0,0,0,Intel,other,0.9,intel,0
Toshiba,Ultrabook,13.3,16,Windows 10,1.36,11.513001062112693,Intel,Intel,1,0,1920,165.6321180513006,512,0,0,Intel,i7,2.5,intel,0
HP,Notebook,15.6,4,Windows 10,2.1,10.510829537468052,Intel,AMD,0,1,1920,141.21199808219862,0,500,0,Intel,i7,2.7,amd,1
Dell,Gaming,15.6,8,Windows 10,2.56,10.683668026512203,Intel,Nvidia,0,0,1920,141.21199808219862,0,1024,0,Intel,i5,2.5,nvidia,1
Lenovo,Notebook,15.6,4,Windows 10,2.2,9.964569481536397,AMD,AMD,0,0,1920,141.21199808219862,256,0,0,AMD,other,2.9,amd,1
Lenovo,Notebook,15.6,8,Windows 10,2.2,10.037061694246896,AMD,AMD,0,0,1366,100.45466986113652,0,1024,0,AMD,other,3.6,amd,1
Lenovo,Notebook,15.6,4,Windows 10,2.1,10.407646684542572,Intel,Intel,0,0,1920,141.21199808219862,0,1024,0,Intel,i5,2.5,intel,0
Lenovo,Notebook,15.6,4,No OS,1.9,10.08485031650177,Intel,Intel,0,0,1366,100.45466986113652,0,500,0,Intel,i3,2.5,intel,0
Dell,Notebook,15.6,8,Windows 10,2.18,10.653926749121963,Intel,Intel,0,0,1920,141.21199808219862,256,0,0,Intel,i5,2.5,intel,0
Acer,2 in 1 Convertible,13.3,8,Windows 10,1.6,10.882334592260529,Intel,Intel,1,1,1920,165.6321180513006,256,0,0,Intel,i5,1.6,intel,0
Lenovo,Workstation,15.6,16,Windows 7,2.18,11.50121111915713,Intel,Nvidia,0,0,1920,141.21199808219862,512,0,0,Intel,i7,2.5,nvidia,1
Lenovo,Notebook,14.0,8,Windows 10,1.8,11.058125354295145,Intel,Intel,0,0,1920,157.3505121487356,256,0,0,Intel,i5,2.3,intel,0
HP,Notebook,17.3,6,Windows 10,2.71,10.460240182687231,AMD,AMD,0,1,1920,127.33567457123112,0,2048,0,AMD,other,2.5,amd,1
Lenovo,Gaming,15.6,8,Windows 10,2.5,11.10567456328145,Intel,Nvidia,0,1,1920,141.21199808219862,128,1024,0,Intel,i7,2.8,nvidia,1
Dell,Notebook,14.0,8,Linux,1.64,10.968593383882295,Intel,Nvidia,0,0,1920,157.3505121487356,256,0,0,Intel,i5,2.8,nvidia,1
Dell,Notebook,15.6,8,Linux,1.98,10.563136893021344,Intel,Intel,0,0,1920,141.21199808219862,0,1024,0,Intel,i5,2.5,intel,0
Asus,Notebook,14.0,4,Windows 10,1.5,9.67271749319976,Intel,Intel,0,0,1920,157.3505121487356,0,0,0,Intel,celeron,1.1,intel,0
Dell,Notebook,15.6,16,Windows 10,1.93,11.238665508885735,Intel,Intel,0,0,1920,141.21199808219862,512,0,0,Intel,i5,2.6,intel,0
Lenovo,Notebook,14.0,8,Windows 10,1.87,10.729102520292825,Intel,Nvidia,0,1,1920,157.3505121487356,256,0,0,Intel,i5,2.5,nvidia,1
Dell,Notebook,15.6,8,Windows 10,1.9,11.04799884586991,Intel,Intel,0,0,1920,141.21199808219862,256,0,0,Intel,i5,2.6,intel,0
Lenovo,Notebook,15.6,4,Windows 10,2.19,9.67271749319976,AMD,AMD,0,0,1366,100.45466986113652,0,500,0,AMD,other,2.5,amd,1
HP,Notebook,17.3,8,Windows 10,2.63,11.065653502526553,Intel,Nvidia,0,0,1920,127.33567457123112,256,0,0,Intel,i7,2.7,nvidia,1
Lenovo,Ultrabook,14.0,8,Windows 10,1.17,11.406065817286411,Intel,Intel,0,1,2560,209.8006828649808,512,0,0,Intel,i7,2.5,intel,0
HP,2 in 1 Convertible,13.3,8,Windows 10,1.58,10.704929519567553,Intel,Intel,1,1,1366,117.82653006268644,256,0,0,Intel,i5,2.5,intel,0
Lenovo,Ultrabook,14.0,8,Windows 10,1.32,11.288127045116099,Intel,Intel,0,1,1920,157.3505121487356,256,0,0,Intel,i5,2.5,intel,0
Dell,Gaming,17.3,32,Windows 10,4.36,12.180620633669152,Intel,Nvidia,0,0,3840,254.67134914246225,1024,1024,0,Intel,i7,2.8,nvidia,1
MSI,Gaming,17.3,8,Windows 10,2.7,11.182308255773881,Intel,Nvidia,0,0,1920,127.33567457123112,128,1024,0,Intel,i7,2.8,nvidia,1
Lenovo,Notebook,15.6,4,No OS,1.9,10.16980062557119,Intel,Intel,0,0,1366,100.45466986113652,0,1024,0,Intel,i5,2.5,intel,0
Dell,Notebook,15.6,8,Windows 10,2.2,10.55344848760242,Intel,AMD,0,0,1920,141.21199808219862,128,1024,0,Intel,i5,1.6,amd,1
Dell,2 in 1 Convertible,13.3,4,Windows 10,1.71,10.451022662038508,Intel,Intel,1,0,1920,165.6321180513006,0,1024,0,Intel,i3,2.4,intel,0
Dell,Notebook,15.6,8,Linux,2.32,10.354901509558161,Intel,AMD,0,0,1366,100.45466986113652,0,1024,0,Intel,i5,2.5,amd,1
HP,Notebook,15.6,4,Windows 10,2.1,10.16796189691066,AMD,AMD,0,0,1920,141.21199808219862,0,1024,0,AMD,other,2.5,amd,1
Acer,Gaming,17.3,16,Windows 10,4.2,11.543433331271078,Intel,Nvidia,0,1,1920,127.33567457123112,128,1024,0,Intel,i7,2.6,nvidia,1
Dell,Notebook,15.6,12,Windows 10,2.25,10.451022662038508,Intel,Intel,0,0,1366,100.45466986113652,0,1024,0,Intel,i5,2.5,intel,0
HP,Notebook,15.6,6,Windows 10,2.1,10.452562263733816,AMD,AMD,0,0,1920,141.21199808219862,128,1024,0,AMD,other,2.5,amd,1
Acer,Notebook,15.6,4,Windows 10,2.4,10.301744074438556,Intel,Intel,0,0,1366,100.45466986113652,0,500,0,Intel,i5,2.5,intel,0
Lenovo,Notebook,13.3,8,Windows 10,1.44,10.842513861303702,Intel,Intel,0,1,1920,165.6321180513006,256,0,0,Intel,i5,2.5,intel,0
Lenovo,Notebook,15.6,4,Windows 10,1.85,10.633596165225693,Intel,Intel,0,0,1920,141.21199808219862,0,1024,0,Intel,i7,2.7,intel,0
HP,Workstation,15.6,16,Windows 10,2.6,11.76667829570779,Intel,Nvidia,0,0,1920,141.21199808219862,256,0,0,Intel,i7,2.8,nvidia,1
Dell,2 in 1 Convertible,13.3,8,Windows 10,1.55,10.466313041010059,Intel,Intel,1,0,1920,165.6321180513006,0,1024,0,Intel,i5,1.6,intel,0
MSI,Gaming,15.6,16,Windows 10,1.8,11.622630578778884,Intel,Nvidia,0,0,1920,141.21199808219862,256,1024,0,Intel,i7,2.8,nvidia,1
Acer,Notebook,15.6,4,Windows 10,2.4,9.993713191579683,Intel,Intel,0,0,1366,100.45466986113652,0,500,0,Intel,i3,2.5,intel,0
Dell,Notebook,15.6,8,Windows 10,2.0,11.071469797141466,Intel,Nvidia,0,0,1920,141.21199808219862,128,1024,0,Intel,i7,2.7,nvidia,1
Dell,Notebook,15.6,8,Windows 10,2.0,10.47537629020214,Intel,Intel,0,0,1366,100.45466986113652,256,0,0,Intel,i3,2.5,intel,0
Toshiba,Notebook,14.0,8,Windows 10,1.25,11.311858913389603,Intel,Intel,1,1,1920,157.3505121487356,256,0,0,Intel,i5,2.5,intel,0
Lenovo,2 in 1 Convertible,14.0,8,Windows 10,1.7,10.882334592260529,Intel,Intel,1,0,1920,157.3505121487356,256,0,0,Intel,i5,2.5,intel,0
Lenovo,Workstation,15.6,16,Windows 10,2.5,12.076941386674228,Intel,Nvidia,0,1,3840,282.42399616439724,1024,0,0,Intel,i7,2.8,nvidia,1
Acer,Notebook,14.0,2,Chrome OS,1.68,9.77471055413221,Intel,Intel,0,0,1366,111.93520355955212,0,0,0,Intel,celeron,1.6,intel,0
Samsung,Ultrabook,13.3,16,Windows 10,0.81,11.38349673063646,Intel,Intel,0,0,1920,165.6321180513006,256,0,0,Intel,i7,2.7,intel,0
HP,Notebook,15.6,8,Windows 10,1.86,10.265311417998271,Intel,Intel,0,0,1920,141.21199808219862,256,0,0,Intel,i3,2.5,intel,0
Dell,Notebook,14.0,8,Windows 10,1.6,11.002634844730991,Intel,Intel,0,0,1366,111.93520355955212,256,0,0,Intel,i5,2.5,intel,0
HP,Workstation,17.3,16,Windows 7,3.0,12.36242199223129,Intel,Nvidia,0,1,1920,127.33567457123112,256,0,0,Intel,other,2.9,nvidia,1
Lenovo,Netbook,11.6,4,Windows 10,1.4,10.138915342683557,Intel,Intel,1,0,1366,135.0942111925629,128,0,0,Intel,celeron,1.6,intel,0
HP,Notebook,15.6,8,Windows 10,1.84,11.525180069637228,Intel,Intel,0,0,1920,141.21199808219862,256,0,0,Intel,i5,2.4,intel,0
Asus,Notebook,15.6,4,No OS,2.45,10.336895919115271,Intel,Nvidia,0,0,1366,100.45466986113652,0,1024,0,Intel,i5,2.3,nvidia,1
Lenovo,Ultrabook,14.0,4,Windows 10,1.7,10.97500061838249,Intel,Intel,0,0,1920,157.3505121487356,180,0,0,Intel,i5,2.3,intel,0
Asus,Notebook,15.6,4,Windows 10,2.37,10.72070180499537,Intel,Intel,0,0,1366,100.45466986113652,256,0,0,Intel,i7,2.7,intel,0
Lenovo,2 in 1 Convertible,13.3,8,Windows 10,1.3,11.064819834822508,Intel,Intel,1,1,3200,276.053530085501,256,0,0,Intel,i5,1.8,intel,0
HP,Notebook,15.6,8,Windows 10,2.2,10.977734058532482,Intel,Nvidia,0,1,1920,141.21199808219862,128,1024,0,Intel,i5,2.5,nvidia,1
HP,Workstation,15.6,8,Windows 7,2.59,11.328654970229907,Intel,Nvidia,0,0,1920,141.21199808219862,256,0,0,Intel,i7,2.6,nvidia,1
Dell,Gaming,15.6,16,Windows 10,4.42,11.9372828985939,Intel,Nvidia,0,1,3840,282.42399616439724,256,1024,0,Intel,i7,2.8,nvidia,1
Acer,Notebook,15.6,4,Windows 10,2.1,10.370853957360486,Intel,Intel,0,0,1366,100.45466986113652,256,0,0,Intel,i5,2.5,intel,0
Lenovo,Gaming,15.6,8,Windows 10,2.5,10.930217800083259,Intel,Nvidia,0,1,1920,141.21199808219862,128,1024,0,Intel,i7,2.8,nvidia,1
Dell,Ultrabook,12.5,16,Windows 10,1.18,11.503365110066554,Intel,Intel,0,0,1920,176.23257360658386,256,0,0,Intel,i7,2.8,intel,0
Google,Ultrabook,12.3,8,Chrome OS,1.1,11.327372934196768,Intel,Intel,1,0,2400,234.50740003017813,256,0,0,Intel,i5,1.2,intel,0
Asus,Ultrabook,13.3,8,Windows 10,1.2,11.004665214485216,Intel,Intel,0,1,3200,276.053530085501,256,0,0,Intel,i5,2.5,intel,0
Dell,Notebook,13.3,4,Windows 10,1.65,10.719642319211694,Intel,Intel,0,0,1366,117.82653006268644,0,500,0,Intel,i3,2.5,intel,0
Acer,Notebook,13.3,4,Windows 10,1.6,10.460224916065657,Intel,Intel,0,0,1366,117.82653006268644,128,0,0,Intel,i5,2.3,intel,0
Asus,Notebook,17.3,4,Windows 10,2.8,10.129056767548002,Intel,Nvidia,0,0,1366,90.58340172449304,0,1024,0,Intel,other,1.1,nvidia,1
Dell,Gaming,15.6,16,Windows 10,2.72,10.977734058532482,Intel,Nvidia,1,1,3840,282.42399616439724,128,1024,0,Intel,i7,2.6,nvidia,1
Samsung,Ultrabook,13.3,8,Windows 10,1.31,11.352706476813816,Intel,Intel,1,0,1920,165.6321180513006,256,0,0,Intel,i7,2.7,intel,0
Acer,Notebook,15.6,4,Linux,2.1,9.67271749319976,Intel,Intel,0,0,1366,100.45466986113652,0,1024,0,Intel,other,1.1,intel,0
Dell,Notebook,15.6,16,Windows 10,2.3,11.049922324623227,Intel,AMD,0,0,1920,141.21199808219862,256,0,0,Intel,i7,2.7,amd,1
Samsung,2 in 1 Convertible,15.0,16,Windows 10,1.71,11.470557693018055,Intel,AMD,1,0,1920,146.86047800548656,256,0,0,Intel,i7,2.7,amd,1
Toshiba,Notebook,14.0,4,Windows 10,1.75,10.903137333094854,Intel,Intel,0,1,1366,111.93520355955212,128,0,0,Intel,i5,2.3,intel,0
Dell,Gaming,15.6,8,Windows 10,2.62,10.977734058532482,Intel,Nvidia,0,0,1920,141.21199808219862,0,1024,0,Intel,i7,2.8,nvidia,1
HP,Ultrabook,12.5,4,Windows 10,1.26,11.101663386852145,Intel,Intel,0,0,1366,125.36742798669836,256,0,0,Intel,i5,2.3,intel,0
Asus,2 in 1 Convertible,15.6,12,Windows 10,2.3,10.707794102852903,Intel,Nvidia,1,0,1920,141.21199808219862,0,2048,0,Intel,i7,2.7,nvidia,1
Lenovo,Notebook,15.6,16,Windows 7,2.5,11.74621417964167,Intel,Nvidia,0,0,3840,282.42399616439724,512,0,0,Intel,i7,2.7,nvidia,1
Acer,Notebook,14.0,4,Windows 10,1.8,10.430789099779544,Intel,Intel,0,1,1920,157.3505121487356,128,0,0,Intel,i3,2.4,intel,0
Razer,Gaming,14.0,16,Windows 10,1.95,11.947688629354552,Intel,Nvidia,0,0,1920,157.3505121487356,512,0,0,Intel,i7,2.8,nvidia,1
Asus,Notebook,15.6,8,Windows 10,2.0,10.341891891660163,Intel,Intel,0,0,1920,141.21199808219862,128,0,0,Intel,other,1.1,intel,0
Dell,Gaming,17.3,32,Windows 10,4.42,12.161139419801826,Intel,Nvidia,0,1,1920,127.33567457123112,1024,1024,0,Intel,i7,2.8,nvidia,1
Asus,Gaming,17.3,16,Windows 10,4.3,11.73773962004856,Intel,Nvidia,0,1,1920,127.33567457123112,256,1024,0,Intel,i7,2.6,nvidia,1
Toshiba,Ultrabook,14.0,16,Windows 10,1.47,11.45091090263386,Intel,Nvidia,0,1,1920,157.3505121487356,512,0,0,Intel,i7,2.6,nvidia,1
Lenovo,Notebook,15.6,8,No OS,2.2,9.771675823299722,Intel,Intel,0,0,1366,100.45466986113652,0,1024,0,Intel,celeron,1.6,intel,0
Lenovo,Ultrabook,14.0,16,Windows 10,1.7,11.715798714845754,Intel,Intel,0,0,1920,157.3505121487356,512,0,0,Intel,i7,2.7,intel,0
MSI,Gaming,14.0,16,Windows 10,1.6,11.520432020155333,Intel,Nvidia,0,1,1920,157.3505121487356,256,1024,0,Intel,i7,2.8,nvidia,1
MSI,Gaming,15.6,8,Windows 10,2.2,10.968593383882295,Intel,Nvidia,0,0,1920,141.21199808219862,128,1024,0,Intel,i5,2.5,nvidia,1
Lenovo,Gaming,15.6,4,Windows 10,2.4,10.882334592260529,Intel,Nvidia,0,1,1920,141.21199808219862,0,1024,0,Intel,i7,2.8,nvidia,1
Acer,Gaming,17.3,16,Windows 10,4.2,11.715798714845754,Intel,Nvidia,0,1,1920,127.33567457123112,256,1024,0,Intel,i7,2.8,nvidia,1
Dell,Gaming,15.6,8,Windows 10,2.62,10.868221721810269,Intel,Nvidia,0,0,1920,141.21199808219862,256,0,0,Intel,i5,2.5,nvidia,1
Asus,Gaming,15.6,8,Windows 10,2.24,11.175253388829377,Intel,Nvidia,0,0,1920,141.21199808219862,128,1024,0,Intel,i7,2.8,nvidia,1
Lenovo,2 in 1 Convertible,13.3,8,Windows 10,1.37,11.561359375212575,Intel,Intel,1,1,1920,165.6321180513006,512,0,0,Intel,i7,2.7,intel,0
Lenovo,2 in 1 Convertible,15.6,8,Windows 10,2.08,10.841471672111513,Intel,AMD,1,0,1920,141.21199808219862,256,0,0,Intel,i5,2.5,amd,1
Apple,Ultrabook,12.0,8,Mac OS X,0.92,11.036053502633294,Intel,Intel,0,1,2304,226.4155471693585,0,0,0,Intel,other,1.2,intel,0
Lenovo,2 in 1 Convertible,14.0,8,Windows 10,1.42,11.729192628025002,Intel,Intel,1,1,2560,209.8006828649808,256,0,0,Intel,i5,2.5,intel,0
Asus,Notebook,14.0,4,Windows 10,1.63,9.676067369454655,Intel,Intel,0,0,1366,111.93520355955212,0,0,0,Intel,celeron,1.1,intel,0
Dell,Notebook,15.6,8,Windows 10,1.95,10.672618444949634,Intel,Intel,0,0,1366,100.45466986113652,128,0,0,Intel,i5,2.5,intel,0
Lenovo,2 in 1 Convertible,13.9,8,Windows 10,1.38,11.182693795440782,Intel,Intel,1,1,1920,158.48253022174808,256,0,0,Intel,i7,2.7,intel,0
Dell,Notebook,15.6,8,Windows 10,2.0,10.580884344379838,Intel,AMD,0,0,1920,141.21199808219862,256,0,0,Intel,i3,2.5,amd,1
HP,Workstation,15.6,8,Windows 10,3.14,11.608407193695559,Intel,Nvidia,0,0,1920,141.21199808219862,256,0,0,Intel,i7,2.8,nvidia,1
Asus,Notebook,15.6,8,Windows 10,2.37,10.977734058532482,Intel,Intel,0,0,1920,141.21199808219862,256,0,0,Intel,i5,2.5,intel,0
Dell,Ultrabook,13.3,8,Windows 10,1.29,11.288127045116099,Intel,Intel,0,0,1920,165.6321180513006,256,0,0,Intel,i5,2.5,intel,0
Dell,Notebook,15.6,8,Windows 10,2.06,11.442371232335963,Intel,Nvidia,1,0,3840,282.42399616439724,256,0,0,Intel,i5,2.5,nvidia,1
Dell,Netbook,11.6,4,Windows 10,1.63,10.587627287586777,Intel,Intel,0,0,1366,135.0942111925629,128,0,0,Intel,other,1.1,intel,0
HP,Netbook,12.5,8,Windows 10,1.26,11.211913881327705,Intel,Intel,0,0,1366,125.36742798669836,256,0,0,Intel,i5,2.6,intel,0
Toshiba,Notebook,15.6,4,Windows 10,2.1,10.634879008150335,Intel,Intel,0,0,1366,100.45466986113652,0,500,0,Intel,i5,2.3,intel,0
HP,Notebook,15.6,8,Windows 10,2.04,10.419722121547444,AMD,AMD,0,0,1366,100.45466986113652,0,2048,0,AMD,other,2.5,amd,1
Dell,Gaming,15.6,16,Windows 10,2.62,11.40152586178726,Intel,Nvidia,0,0,3840,282.42399616439724,512,0,0,Intel,i7,2.8,nvidia,1
Lenovo,Notebook,15.6,4,Windows 10,2.4,10.387410112463472,Intel,Nvidia,0,0,1920,141.21199808219862,0,1024,0,Intel,i5,2.5,nvidia,1
HP,Gaming,17.3,12,Windows 10,3.74,11.442371232335963,Intel,AMD,0,1,1920,127.33567457123112,0,1024,0,Intel,i7,2.8,amd,1
MSI,Gaming,17.3,16,Windows 10,2.9,11.765023364035509,Intel,Nvidia,0,0,1920,127.33567457123112,512,1024,0,Intel,i7,2.8,nvidia,1
Samsung,Ultrabook,13.3,8,Windows 10,0.81,11.288127045116099,Intel,Intel,0,0,1920,165.6321180513006,256,0,0,Intel,i5,2.5,intel,0
Dell,Notebook,15.6,8,Windows 10,1.98,10.843554965468284,Intel,Nvidia,0,0,1920,141.21199808219862,0,1024,0,Intel,i7,2.7,nvidia,1
Dell,Notebook,15.6,8,Windows 10,2.18,10.64737719980591,Intel,AMD,0,0,1920,141.21199808219862,256,0,0,Intel,i5,2.5,amd,1
Lenovo,Ultrabook,14.0,8,Windows 10,1.32,11.503365110066554,Intel,Intel,0,0,1920,157.3505121487356,256,0,0,Intel,i7,2.7,intel,0
Razer,Ultrabook,12.5,16,Windows 10,1.29,11.470557693018055,Intel,Intel,1,1,3840,352.4651472131677,512,0,0,Intel,i7,2.5,intel,0
HP,Netbook,11.6,4,Chrome OS,1.23,9.928853109380423,Intel,Intel,0,0,1366,135.0942111925629,0,0,0,Intel,celeron,1.6,intel,0
Dell,Gaming,17.3,16,Windows 10,4.36,11.801620516185737,Intel,Nvidia,0,1,1920,127.33567457123112,128,1024,0,Intel,i7,2.8,nvidia,1
Dell,Notebook,14.0,4,Windows 10,1.76,10.602303634468553,Intel,Intel,0,0,1366,111.93520355955212,0,500,0,Intel,i5,2.3,intel,0
Lenovo,Notebook,15.6,4,Windows 10,2.1,10.16980062557119,Intel,Intel,0,0,1366,100.45466986113652,0,500,0,Intel,i3,2.5,intel,0
Toshiba,Ultrabook,14.0,4,Windows 10,1.25,10.969511220360992,Intel,Intel,0,0,1366,111.93520355955212,128,0,0,Intel,i5,2.5,intel,0
Lenovo,Ultrabook,14.0,8,Windows 10,1.13,11.799214467550595,Intel,Intel,0,1,1920,157.3505121487356,512,0,0,Intel,i7,2.7,intel,0
MSI,Gaming,15.6,8,Windows 10,2.4,11.064819834822508,Intel,Nvidia,0,0,1920,141.21199808219862,256,0,0,Intel,i5,2.5,nvidia,1
Lenovo,Ultrabook,14.0,8,Windows 10,1.13,11.511934974596555,Intel,Intel,0,1,1920,157.3505121487356,0,0,0,Intel,i5,2.5,intel,0
Toshiba,Notebook,14.0,4,Windows 10,1.75,10.188204734039374,Intel,Intel,0,0,1366,111.93520355955212,128,0,0,Intel,other,2.1,intel,0
Asus,2 in 1 Convertible,13.3,8,Windows 10,1.1,11.189343155145377,Intel,Intel,1,0,1920,165.6321180513006,256,0,0,Intel,i5,2.5,intel,0
Dell,Notebook,14.0,4,Windows 10,1.76,10.347204956314746,Intel,Intel,0,0,1366,111.93520355955212,0,500,0,Intel,i3,2.5,intel,0
Acer,Netbook,11.6,4,Chrome OS,1.35,9.847731684081172,Intel,Intel,0,1,1366,135.0942111925629,0,0,0,Intel,celeron,1.6,intel,0
Acer,Notebook,14.0,8,Windows 10,1.5,10.403696619569766,Intel,Intel,0,1,1920,157.3505121487356,128,0,0,Intel,i3,2.4,intel,0
Lenovo,Ultrabook,14.0,16,Windows 10,1.1,11.624786287779711,Intel,Intel,0,1,2560,209.8006828649808,512,0,0,Intel,i7,2.6,intel,0
Asus,Notebook,15.6,4,Linux,2.1,10.227501072075105,Intel,Nvidia,0,0,1920,141.21199808219862,0,1024,0,Intel,i5,2.5,nvidia,1
Lenovo,Notebook,14.0,8,Windows 10,1.7,11.053918430933363,Intel,Intel,0,0,1920,157.3505121487356,256,0,0,Intel,i5,2.3,intel,0
Lenovo,Notebook,14.0,8,Windows 10,1.32,11.38410296807344,Intel,Intel,0,1,1920,157.3505121487356,256,0,0,Intel,i5,2.6,intel,0
Dell,Gaming,15.6,16,Windows 10,3.21,11.903840474588977,Intel,Nvidia,0,0,1920,141.21199808219862,256,1024,0,Intel,i7,2.8,nvidia,1
Asus,Gaming,17.3,16,Windows 10,2.9,11.76667829570779,Intel,Nvidia,0,0,1920,127.33567457123112,256,1024,0,Intel,i7,2.8,nvidia,1
Toshiba,Notebook,15.6,4,Windows 10,2.0,10.48137314092762,Intel,Intel,0,0,1366,100.45466986113652,0,500,0,Intel,i3,2.4,intel,0
Lenovo,Notebook,14.0,4,Chrome OS,1.5,9.75944395695215,Intel,Intel,0,0,1366,111.93520355955212,0,0,0,Intel,celeron,1.6,intel,0
Asus,Notebook,15.6,8,Windows 10,2.3,10.355715374098414,Intel,Intel,0,0,1920,141.21199808219862,0,128,0,Intel,i5,2.5,intel,0
Asus,Gaming,17.3,16,Windows 10,2.73,11.470557693018055,Intel,Nvidia,0,0,1920,127.33567457123112,512,1024,0,Intel,i7,2.6,nvidia,1
Dell,Gaming,17.3,32,Windows 10,4.42,12.005940899919567,Intel,Nvidia,0,1,1920,127.33567457123112,512,1024,0,Intel,i7,2.8,nvidia,1
HP,Notebook,17.3,8,Windows 10,2.63,10.789026250550961,Intel,Nvidia,0,0,1600,106.11306214269258,0,1024,0,Intel,i5,2.5,nvidia,1
Dell,Notebook,15.6,8,Windows 10,2.18,10.546456269685057,Intel,Intel,0,0,1366,100.45466986113652,128,0,0,Intel,i5,2.5,intel,0
HP,Ultrabook,14.0,8,Windows 7,1.54,11.50926477280514,Intel,Intel,0,0,1920,157.3505121487356,512,0,0,Intel,i7,2.5,intel,0
Dell,Notebook,15.6,4,Windows 10,2.18,10.580884344379838,Intel,AMD,0,0,1920,141.21199808219862,256,0,0,Intel,i7,2.7,amd,1
HP,2 in 1 Convertible,11.6,4,Chrome OS,1.4,10.397213811896178,Intel,Intel,1,0,1366,135.0942111925629,0,0,0,Intel,celeron,1.1,intel,0
Asus,Ultrabook,13.3,8,Windows 10,1.45,10.90900234494248,Intel,Nvidia,0,1,1920,165.6321180513006,512,0,0,Intel,i5,2.3,nvidia,1
HP,2 in 1 Convertible,13.3,8,Windows 10,1.28,11.706183335023768,Intel,Intel,1,0,1920,165.6321180513006,256,0,0,Intel,i5,2.5,intel,0
HP,Ultrabook,14.0,8,Windows 10,1.54,11.267230020589693,Intel,Intel,0,0,1920,157.3505121487356,512,0,0,Intel,i7,2.5,intel,0
HP,Notebook,15.6,4,No OS,1.86,9.676067369454655,Intel,Intel,0,0,1366,100.45466986113652,128,0,0,Intel,celeron,1.6,intel,0
Asus,Gaming,15.6,16,Windows 10,2.1,11.524653620496773,Intel,Nvidia,0,0,1920,141.21199808219862,128,1024,0,Intel,i7,2.8,nvidia,1
Dell,Notebook,17.3,8,Linux,2.83,10.73831223092719,Intel,AMD,0,0,1920,127.33567457123112,0,1024,0,Intel,i7,2.7,amd,1
Lenovo,Ultrabook,14.0,8,Windows 10,1.96,11.526757756206273,Intel,Nvidia,0,1,1920,157.3505121487356,256,0,0,Intel,i7,2.8,nvidia,1
Asus,Notebook,15.6,8,Windows 10,2.3,10.643813122864238,Intel,Nvidia,0,1,1920,141.21199808219862,256,0,0,Intel,i7,2.7,nvidia,1
Dell,Notebook,15.6,8,Windows 10,1.9,10.82676581465962,Intel,Intel,0,0,1920,141.21199808219862,128,0,0,Intel,i5,2.5,intel,0
Asus,Notebook,15.6,4,Windows 10,2.0,10.082625714367484,Intel,Intel,0,0,1366,100.45466986113652,0,1024,0,Intel,other,1.1,intel,0
HP,2 in 1 Convertible,13.3,8,Windows 10,1.28,11.822940196780332,Intel,Intel,1,0,1920,165.6321180513006,256,0,0,Intel,i7,2.8,intel,0
Dell,Notebook,13.3,8,Windows 10,1.62,10.451022662038508,Intel,Intel,1,0,1920,165.6321180513006,0,1024,0,Intel,i5,2.3,intel,0
Lenovo,Notebook,15.6,4,No OS,2.2,10.126203812574422,Intel,Intel,0,0,1920,141.21199808219862,0,1024,0,Intel,i3,2.0,intel,0
Lenovo,Notebook,15.6,8,Windows 10,2.3,10.721595608536562,Intel,Intel,0,1,1920,141.21199808219862,0,1024,0,Intel,i5,2.5,intel,0
HP,Notebook,15.6,8,Windows 10,1.84,11.182693795440782,Intel,AMD,0,0,1920,141.21199808219862,256,0,0,Intel,i5,2.6,amd,1
Toshiba,Notebook,13.3,4,Windows 10,1.05,11.13408962950052,Intel,Intel,0,0,1920,165.6321180513006,128,0,0,Intel,i5,2.5,intel,0
Lenovo,Gaming,15.6,8,No OS,2.5,10.900191877143605,Intel,Nvidia,0,1,1920,141.21199808219862,0,1024,0,Intel,i5,2.5,nvidia,1
Dell,Ultrabook,13.3,16,Windows 10,1.29,11.689800549960745,Intel,Intel,1,0,3200,276.053530085501,512,0,0,Intel,i7,2.5,intel,0
HP,Notebook,15.6,4,Windows 10,2.07,10.789026250550961,Intel,Intel,0,0,1920,141.21199808219862,0,500,0,Intel,i5,2.3,intel,0
Toshiba,Ultrabook,13.3,8,Windows 10,1.2,10.974087808763938,Intel,Intel,0,0,1366,117.82653006268644,256,0,0,Intel,i5,2.3,intel,0
Lenovo,2 in 1 Convertible,13.3,8,Windows 10,1.37,11.551155302753232,Intel,Intel,1,1,1920,165.6321180513006,256,0,0,Intel,i7,2.7,intel,0
Acer,Notebook,14.0,8,Windows 10,1.56,10.780196354025913,Intel,Intel,0,1,1920,157.3505121487356,256,0,0,Intel,i5,2.5,intel,0
Dell,Workstation,15.6,8,Windows 10,2.23,11.458815998363187,Intel,Nvidia,0,0,1920,141.21199808219862,0,1024,0,Intel,i7,2.8,nvidia,1
Lenovo,Notebook,15.6,4,Windows 10,2.38,10.936874862286206,Intel,Intel,0,0,1366,100.45466986113652,0,500,0,Intel,i5,2.5,intel,0
Lenovo,Notebook,15.6,4,No OS,2.2,10.147300806108744,Intel,AMD,0,0,1920,141.21199808219862,0,1024,0,Intel,i3,2.5,amd,1
Toshiba,Notebook,15.6,8,Windows 10,2.0,11.211193689375161,Intel,Intel,0,1,1920,141.21199808219862,256,0,0,Intel,i7,2.7,intel,0
Lenovo,Notebook,13.3,4,Windows 10,1.44,10.57545706085876,Intel,Intel,0,1,1920,165.6321180513006,180,0,0,Intel,i3,2.4,intel,0
Samsung,Ultrabook,15.0,16,Windows 10,1.23,11.497971408335056,Intel,Nvidia,0,0,1920,146.86047800548656,256,0,0,Intel,i7,2.7,nvidia,1
Dell,Ultrabook,12.5,8,Windows 10,1.6,11.408055939867921,Intel,Intel,0,0,1920,176.23257360658386,256,0,0,Intel,i7,2.8,intel,0
Asus,Notebook,15.6,4,Linux,2.0,9.964544419744591,Intel,Intel,0,0,1366,100.45466986113652,0,1024,0,Intel,other,1.1,intel,0
Xiaomi,Ultrabook,13.3,8,Windows 10,1.28,10.816127628868836,Intel,Nvidia,0,1,1920,165.6321180513006,256,0,0,Intel,i5,2.3,nvidia,1
Dell,Notebook,15.6,4,Windows 10,2.18,10.79176967999097,Intel,Nvidia,0,0,1920,141.21199808219862,128,1024,0,Intel,i5,2.5,nvidia,1
HP,Notebook,15.6,4,Windows 10,2.04,10.707794102852903,Intel,Intel,0,0,1920,141.21199808219862,256,0,0,Intel,i5,2.5,intel,0
HP,2 in 1 Convertible,13.3,4,Windows 10,1.28,11.413955596667712,Intel,Intel,1,0,1920,165.6321180513006,256,0,0,Intel,i5,2.5,intel,0
HP,2 in 1 Convertible,15.6,4,Windows 10,2.3,10.504715258348757,Intel,Intel,1,0,1366,100.45466986113652,0,500,0,Intel,i5,2.5,intel,0
Asus,Notebook,14.1,4,Windows 10,1.65,9.82781743779585,Intel,Intel,0,0,1366,111.1413368676404,0,0,0,Intel,celeron,1.1,intel,0
Lenovo,Notebook,15.6,8,Windows 10,2.2,10.48137314092762,Intel,Nvidia,0,1,1920,141.21199808219862,0,1024,0,Intel,i7,2.5,nvidia,1
Dell,Notebook,15.6,4,Windows 10,2.2,9.88640853285114,Intel,Intel,0,0,1366,100.45466986113652,0,500,0,Intel,other,1.6,intel,0
HP,2 in 1 Convertible,13.3,4,Windows 10,1.28,11.470557693018055,Intel,Intel,1,0,1920,165.6321180513006,256,0,0,Intel,i5,2.5,intel,0
Dell,Notebook,15.6,4,Linux,2.18,10.097436910330954,Intel,AMD,0,0,1366,100.45466986113652,0,1024,0,Intel,i3,2.0,amd,1
Asus,Gaming,17.3,12,Windows 10,2.2,11.198067750426901,Intel,Nvidia,0,0,1920,127.33567457123112,128,1024,0,Intel,i5,2.5,nvidia,1
Acer,Netbook,11.6,4,Chrome OS,1.25,9.669356357545784,Intel,Intel,0,1,1366,135.0942111925629,0,0,0,Intel,celeron,1.6,intel,0
Lenovo,Notebook,17.3,4,Windows 10,2.8,9.913146751905726,AMD,AMD,0,0,1600,106.11306214269258,0,500,0,AMD,other,2.2,amd,1
HP,Notebook,14.0,4,Windows 10,1.95,11.118403264255047,Intel,Intel,0,0,1920,157.3505121487356,128,0,0,Intel,i5,2.5,intel,0
HP,2 in 1 Convertible,13.3,16,Windows 10,1.42,11.219087416653776,Intel,Intel,1,0,3200,276.053530085501,256,0,0,Intel,i7,2.7,intel,0
Samsung,Ultrabook,15.0,8,Windows 10,1.17,11.413367194793471,Intel,Intel,0,0,1920,146.86047800548656,256,0,0,Intel,i7,2.7,intel,0
Lenovo,Ultrabook,14.0,8,Windows 10,1.32,11.470557693018055,Intel,Intel,0,1,1920,157.3505121487356,256,0,0,Intel,i5,2.5,intel,0
MSI,Gaming,17.3,16,Windows 10,2.43,11.857505600707027,Intel,Nvidia,0,1,3840,254.67134914246225,512,2048,0,Intel,i7,2.6,nvidia,1
Toshiba,Notebook,13.3,8,Windows 10,1.05,11.271987019514093,Intel,Intel,0,0,1920,165.6321180513006,256,0,0,Intel,i5,2.5,intel,0
Dell,Gaming,15.6,8,Linux,2.62,10.809689968037551,Intel,Nvidia,0,0,1920,141.21199808219862,0,1024,0,Intel,i7,2.8,nvidia,1
HP,Notebook,15.6,8,Windows 10,2.04,10.77797664352652,Intel,Nvidia,0,0,1920,141.21199808219862,0,1024,0,Intel,i7,2.7,nvidia,1
Dell,Notebook,15.6,4,Windows 10,2.18,10.395586521939395,Intel,AMD,0,0,1366,100.45466986113652,0,1024,0,Intel,i3,2.0,amd,1
Dell,Notebook,15.6,8,Windows 10,1.9,10.816127628868836,Intel,Intel,0,0,1920,141.21199808219862,0,500,0,Intel,i5,2.6,intel,0
Dell,2 in 1 Convertible,13.3,8,Windows 10,1.24,11.583001451010114,Intel,Intel,1,0,3200,276.053530085501,512,0,0,Intel,i7,1.3,intel,0
Asus,Gaming,17.3,32,Windows 10,3.58,11.12940950226841,Intel,Nvidia,0,1,1920,127.33567457123112,256,0,0,Intel,i7,2.7,nvidia,1
Dell,2 in 1 Convertible,13.3,16,Windows 10,1.22,11.38349673063646,Intel,Intel,1,0,1920,165.6321180513006,256,0,0,Intel,i7,1.3,intel,0
Lenovo,Ultrabook,14.0,8,Windows 10,1.13,11.600677334394318,Intel,Intel,0,1,1920,157.3505121487356,0,0,0,Intel,i7,2.7,intel,0
Lenovo,Notebook,15.6,8,Windows 10,1.95,11.557794687522952,Intel,Intel,0,1,1920,141.21199808219862,512,0,0,Intel,i5,2.5,intel,0
LG,Ultrabook,15.6,16,Windows 10,1.08,11.624786287779711,Intel,Intel,1,1,1920,141.21199808219862,512,0,0,Intel,i7,2.7,intel,0
HP,Netbook,12.5,8,Windows 10,1.26,11.277396024236554,Intel,Intel,0,0,1920,176.23257360658386,512,0,0,Intel,i7,2.7,intel,0
Acer,Notebook,15.6,4,Chrome OS,2.2,9.858935694046775,Intel,Intel,0,1,1920,141.21199808219862,0,0,0,Intel,celeron,1.5,intel,0
Lenovo,Notebook,15.6,8,Windows 10,2.6,10.646351134841678,Intel,Nvidia,0,1,1920,141.21199808219862,128,1024,0,Intel,i5,2.3,nvidia,1
LG,Ultrabook,14.0,8,Windows 10,0.98,11.524653620496773,Intel,Intel,1,1,1920,157.3505121487356,512,0,0,Intel,i7,2.7,intel,0
Dell,Notebook,14.0,8,Windows 10,1.6,11.069811447777305,Intel,Intel,0,0,1920,157.3505121487356,256,0,0,Intel,i5,2.8,intel,0
HP,Ultrabook,12.5,8,Windows 10,1.09,12.01472447112858,Intel,Intel,1,0,3840,352.4651472131677,240,0,0,Intel,other,1.2,intel,0
Lenovo,Notebook,15.6,6,Windows 10,2.2,10.646351134841678,Intel,Nvidia,0,0,1920,141.21199808219862,256,0,0,Intel,i7,2.7,nvidia,1
HP,Notebook,15.6,8,Windows 10,2.04,10.902146664686498,Intel,Nvidia,0,0,1920,141.21199808219862,256,0,0,Intel,i7,2.7,nvidia,1
Acer,Notebook,15.6,4,Windows 10,2.4,10.188204734039374,Intel,Intel,0,0,1920,141.21199808219862,0,1024,0,Intel,i3,2.4,intel,0
Lenovo,Notebook,13.3,4,Windows 10,1.44,10.756639955878697,Intel,Intel,0,0,1920,165.6321180513006,128,0,0,Intel,i5,2.5,intel,0
HP,Notebook,13.3,8,Windows 10,1.49,10.842513861303702,Intel,Intel,0,0,1920,165.6321180513006,256,0,0,Intel,i5,2.5,intel,0
MSI,Gaming,17.3,16,Windows 10,2.7,11.352706476813816,Intel,Nvidia,0,0,1920,127.33567457123112,256,1024,0,Intel,i7,2.8,nvidia,1
Dell,Gaming,15.6,16,Windows 10,2.6,11.182693795440782,Intel,Nvidia,0,0,1920,141.21199808219862,128,1024,0,Intel,i7,2.8,nvidia,1
MSI,Gaming,15.6,8,Windows 10,2.2,10.996581389185152,Intel,Nvidia,0,0,1920,141.21199808219862,128,1024,0,Intel,i5,2.5,nvidia,1
Dell,Notebook,15.6,4,Windows 10,2.18,10.504992665534715,Intel,AMD,0,0,1366,100.45466986113652,0,1024,0,Intel,i5,2.5,amd,1
HP,Ultrabook,15.6,8,Windows 10,1.84,11.143376971334334,Intel,AMD,0,0,1920,141.21199808219862,256,0,0,Intel,i7,2.5,amd,1
HP,Ultrabook,13.3,8,Windows 10,1.39,11.022224638820209,Intel,Intel,1,0,3200,276.053530085501,256,0,0,Intel,i7,2.7,intel,0
Toshiba,Notebook,15.6,16,Windows 10,2.4,11.563894206696261,Intel,Nvidia,0,1,1920,141.21199808219862,256,0,0,Intel,i7,2.6,nvidia,1
Lenovo,2 in 1 Convertible,13.3,8,Windows 10,1.37,11.484906576452703,Intel,Intel,1,1,1920,165.6321180513006,512,0,0,Intel,i5,2.5,intel,0
Dell,Notebook,15.6,4,Windows 10,1.95,10.568494278523755,Intel,Intel,0,0,1366,100.45466986113652,0,500,0,Intel,i5,2.3,intel,0
Lenovo,Ultrabook,12.5,8,Windows 10,1.36,11.38410296807344,Intel,Intel,0,1,1920,176.23257360658386,256,0,0,Intel,i7,2.7,intel,0
HP,Notebook,15.6,8,Windows 10,2.31,11.036053502633294,Intel,Intel,0,0,1920,141.21199808219862,256,0,0,Intel,i5,2.3,intel,0
Dell,Notebook,15.6,4,Windows 10,2.18,10.538116369060559,Intel,Intel,0,0,1366,100.45466986113652,0,1024,0,Intel,i5,2.5,intel,0
HP,Notebook,14.0,4,Windows 10,1.95,11.022224638820209,Intel,Intel,0,0,1366,111.93520355955212,0,500,0,Intel,i5,2.3,intel,0
Lenovo,Notebook,15.6,4,Windows 10,2.2,9.708963041637261,Intel,Intel,0,0,1366,100.45466986113652,0,1024,0,Intel,other,1.1,intel,0
HP,Ultrabook,12.5,4,Windows 10,1.26,11.340119926907802,Intel,Intel,0,0,1920,176.23257360658386,0,500,0,Intel,i5,2.3,intel,0
HP,Notebook,15.6,4,No OS,1.86,9.641706597910368,Intel,Intel,0,0,1366,100.45466986113652,0,1024,0,Intel,celeron,1.6,intel,0
Lenovo,2 in 1 Convertible,13.3,16,Windows 10,1.3,11.470557693018055,Intel,Intel,1,1,3200,276.053530085501,1024,0,0,Intel,i7,2.2,intel,0
Toshiba,Notebook,14.0,4,Windows 10,1.47,10.983178625350842,Intel,Intel,0,1,1920,157.3505121487356,128,0,0,Intel,i5,2.3,intel,0
HP,Netbook,12.5,8,Windows 10,1.26,11.395552195348275,Intel,Intel,0,0,1920,176.23257360658386,256,0,0,Intel,i5,2.3,intel,0
Dell,Notebook,15.6,4,Windows 10,2.18,10.301028278836414,Intel,Intel,0,0,1366,100.45466986113652,0,1024,0,Intel,i3,2.0,intel,0
MSI,Gaming,15.6,8,Windows 10,2.2,11.064819834822508,Intel,Nvidia,0,0,1920,141.21199808219862,128,1024,0,Intel,i7,2.8,nvidia,1
Dell,Ultrabook,14.0,8,Windows 10,1.36,11.377414056264131,Intel,Intel,0,0,1920,157.3505121487356,256,0,0,Intel,i5,2.5,intel,0
Dell,Gaming,17.3,16,Windows 10,4.36,11.897828889772077,Intel,Nvidia,0,0,2560,169.78089942830815,512,1024,0,Intel,i7,2.7,nvidia,1
HP,Gaming,17.3,8,Windows 10,2.75,11.219087416653776,Intel,Nvidia,0,1,1920,127.33567457123112,128,1024,0,Intel,i5,2.3,nvidia,1
Asus,Notebook,17.3,4,Windows 10,2.8,10.248473444922546,Intel,Nvidia,0,0,1600,106.11306214269258,0,1024,0,Intel,other,1.6,nvidia,1
Acer,Notebook,15.6,4,Windows 10,2.23,10.403696619569766,Intel,Intel,0,0,1366,100.45466986113652,0,500,0,Intel,i5,2.5,intel,0
Toshiba,Notebook,15.6,8,Windows 10,2.2,10.995768507208373,Intel,Intel,0,0,1366,100.45466986113652,256,0,0,Intel,i5,2.3,intel,0
Lenovo,2 in 1 Convertible,11.3,8,Windows 10,1.1,11.14492549142712,Intel,Intel,1,1,1920,194.94753717542463,256,0,0,Intel,other,1.2,intel,0
Lenovo,Gaming,15.6,16,Windows 10,2.5,10.882334592260529,AMD,AMD,0,1,1920,141.21199808219862,512,1024,0,AMD,other,2.1,amd,1
Dell,Ultrabook,12.5,8,Windows 10,1.36,11.270086934565564,Intel,Intel,1,0,1920,176.23257360658386,256,0,0,Intel,i5,2.5,intel,0
Lenovo,Notebook,15.6,8,No OS,2.2,10.505007263781431,Intel,Nvidia,0,0,1920,141.21199808219862,0,1024,0,Intel,i7,2.7,nvidia,1
Dell,Notebook,17.3,4,Windows 10,2.36,10.466313041010059,Intel,AMD,0,0,1600,106.11306214269258,0,1024,0,Intel,i3,2.0,amd,1
Acer,Notebook,14.0,4,Chrome OS,1.68,9.830686725695612,Intel,Intel,0,0,1366,111.93520355955212,0,0,0,Intel,celeron,1.6,intel,0
HP,Workstation,15.6,8,Windows 10,2.0,11.693810323540696,Intel,Nvidia,0,1,1920,141.21199808219862,8,0,0,Intel,i7,2.7,nvidia,1
Dell,Ultrabook,14.0,8,Windows 10,1.36,11.457127302039982,Intel,Intel,0,0,1920,157.3505121487356,256,0,0,Intel,i7,2.8,intel,0
Toshiba,Notebook,13.3,8,Windows 7,1.2,11.261765596172962,Intel,Intel,0,0,1920,165.6321180513006,256,0,0,Intel,i5,2.3,intel,0
Asus,2 in 1 Convertible,12.5,8,Chrome OS,1.2,11.030890063374128,Intel,Intel,0,0,1920,176.23257360658386,0,0,0,Intel,other,1.2,intel,0
Lenovo,Ultrabook,14.0,8,Windows 10,1.7,11.281426947930884,Intel,Intel,0,1,1920,157.3505121487356,256,0,0,Intel,i7,2.6,intel,0
Dell,Gaming,17.3,16,Windows 10,4.36,12.031993744520154,Intel,Nvidia,0,1,3840,254.67134914246225,512,1024,0,Intel,i7,2.8,nvidia,1
Dell,2 in 1 Convertible,13.3,8,Windows 10,1.24,11.524653620496773,Intel,Intel,1,0,1920,165.6321180513006,256,0,0,Intel,i5,1.2,intel,0
HP,2 in 1 Convertible,11.6,4,Windows 10,1.45,10.628448273058389,Intel,Intel,1,0,1366,135.0942111925629,256,0,0,Intel,other,1.1,intel,0
Dell,Ultrabook,13.3,8,Windows 10,1.3,11.120771962987872,Intel,Intel,0,0,3200,276.053530085501,256,0,0,Intel,i7,2.5,intel,0
Acer,2 in 1 Convertible,11.6,4,Chrome OS,1.25,9.939188617449547,Intel,Intel,1,1,1366,135.0942111925629,0,0,0,Intel,celeron,1.6,intel,0
Toshiba,Notebook,13.3,8,Windows 10,1.2,11.311858913389603,Intel,Intel,0,0,1920,165.6321180513006,256,0,0,Intel,i5,2.4,intel,0
Lenovo,Ultrabook,12.5,8,Windows 10,1.36,11.448640778280634,Intel,Intel,0,1,1920,176.23257360658386,256,0,0,Intel,i5,2.6,intel,0
Acer,Notebook,15.6,12,Windows 10,2.4,10.8922946477693,Intel,Nvidia,0,0,1920,141.21199808219862,128,1024,0,Intel,i5,2.5,nvidia,1
Toshiba,Ultrabook,12.5,8,Windows 10,1.1,11.465542410357644,Intel,Intel,1,0,1920,176.23257360658386,512,0,0,Intel,i7,2.7,intel,0
HP,Notebook,15.6,8,Windows 10,2.04,10.71669339976126,Intel,Nvidia,0,0,1366,100.45466986113652,0,1024,0,Intel,i5,2.5,nvidia,1
Dell,Notebook,15.6,4,Linux,2.25,10.118971185438866,Intel,AMD,0,0,1366,100.45466986113652,0,1024,0,Intel,i3,2.0,amd,1
Dell,Notebook,15.6,4,Windows 10,1.9,10.690967162330788,Intel,Intel,0,0,1366,100.45466986113652,0,500,0,Intel,i5,2.5,intel,0
HP,Notebook,15.6,4,Windows 10,2.04,10.505007263781431,Intel,Intel,0,0,1920,141.21199808219862,0,500,0,Intel,i3,2.4,intel,0
Dell,Gaming,17.3,32,Windows 10,4.42,12.030407207546824,Intel,Nvidia,0,1,1920,127.33567457123112,256,1024,0,Intel,i7,2.8,nvidia,1
Lenovo,Notebook,15.6,6,Windows 10,2.4,10.519499876854974,Intel,Nvidia,0,0,1920,141.21199808219862,256,0,0,Intel,i5,2.5,nvidia,1
Dell,2 in 1 Convertible,13.3,16,Windows 10,1.22,11.524653620496773,Intel,Intel,1,0,3200,276.053530085501,512,0,0,Intel,i7,1.3,intel,0
Dell,Ultrabook,14.0,8,Windows 10,1.5,11.557789593289227,Intel,Intel,1,0,2560,209.8006828649808,256,0,0,Intel,i7,2.6,intel,0
Dell,Gaming,17.3,32,Windows 10,4.42,11.912942425504665,Intel,Nvidia,0,0,1920,127.33567457123112,256,1024,0,Intel,i7,2.6,nvidia,1
Toshiba,Notebook,14.0,8,Windows 10,1.95,11.048846649301595,Intel,Intel,0,0,1920,157.3505121487356,256,0,0,Intel,i5,2.3,intel,0
Asus,Gaming,17.3,16,Windows 10,2.73,11.601116472588652,Intel,Nvidia,0,0,1920,127.33567457123112,256,1024,0,Intel,i7,2.8,nvidia,1
HP,Notebook,15.6,8,Windows 10,2.04,10.862111839946362,Intel,Nvidia,0,1,1920,141.21199808219862,128,1024,0,Intel,i5,2.7,nvidia,1
Lenovo,Notebook,14.0,4,Windows 7,1.7,10.885333039007671,Intel,Intel,0,0,1366,111.93520355955212,0,0,1,Intel,i5,2.3,intel,0
Asus,2 in 1 Convertible,15.6,16,Windows 10,2.3,11.470557693018055,Intel,Nvidia,1,0,3840,282.42399616439724,512,2048,0,Intel,i7,2.7,nvidia,1
HP,Notebook,15.6,6,Windows 10,2.04,10.336895919115271,Intel,Intel,0,0,1366,100.45466986113652,0,1024,0,Intel,i7,2.7,intel,0
Asus,Gaming,17.3,16,Windows 10,2.99,11.442371232335963,Intel,Nvidia,0,0,1920,127.33567457123112,256,1024,0,Intel,i7,2.8,nvidia,1
Dell,2 in 1 Convertible,15.6,12,Windows 10,2.19,11.14492549142712,Intel,Intel,1,1,1920,141.21199808219862,512,0,0,Intel,i7,2.7,intel,0
Toshiba,Notebook,13.3,4,Windows 7,1.2,11.061478196557058,Intel,Intel,0,0,1920,165.6321180513006,128,0,0,Intel,i5,2.3,intel,0
Lenovo,Notebook,15.6,6,Windows 10,2.2,10.283693654349953,AMD,AMD,0,0,1920,141.21199808219862,256,0,0,AMD,other,3.6,amd,1
Fujitsu,Notebook,15.6,4,Windows 10,2.3,10.451022662038508,Intel,Intel,0,0,1366,100.45466986113652,256,0,0,Intel,i5,2.3,intel,0
Toshiba,Notebook,14.0,4,Windows 10,1.75,10.794505603612874,Intel,Intel,0,0,1366,111.93520355955212,0,500,0,Intel,i5,2.3,intel,0
Dell,Notebook,15.6,4,Windows 10,2.25,10.370853957360486,Intel,AMD,0,0,1366,100.45466986113652,0,500,0,Intel,i5,2.5,amd,1
HP,Notebook,15.6,8,Windows 10,2.04,10.667668054781249,Intel,Intel,0,0,1920,141.21199808219862,0,1024,0,Intel,i5,2.5,intel,0
Lenovo,Gaming,15.6,8,Windows 10,2.5,11.056444708137915,Intel,Nvidia,0,1,1920,141.21199808219862,128,1024,0,Intel,i7,2.8,nvidia,1
Dell,Notebook,15.6,8,Windows 10,2.36,10.594325067871669,Intel,AMD,0,0,1366,100.45466986113652,0,1024,0,Intel,i7,2.7,amd,1
Dell,Notebook,14.0,8,Windows 10,1.6,10.995768507208373,Intel,Intel,0,0,1920,157.3505121487356,128,0,0,Intel,i5,2.5,intel,0
HP,Netbook,12.5,8,Windows 10,0.97,11.52938171507289,Intel,Intel,0,0,1920,176.23257360658386,512,0,0,Intel,other,1.2,intel,0
HP,Notebook,15.6,4,Windows 10,2.1,10.188204734039374,Intel,AMD,0,0,1920,141.21199808219862,128,1024,0,Intel,i3,2.5,amd,1
Lenovo,Notebook,15.6,8,Windows 10,2.3,11.182693795440782,Intel,Intel,0,0,1920,141.21199808219862,256,0,0,Intel,i5,2.3,intel,0
Dell,2 in 1 Convertible,13.3,8,Windows 10,1.68,10.765679373749014,Intel,Intel,1,0,1920,165.6321180513006,256,0,0,Intel,i5,2.5,intel,0
Asus,Notebook,13.3,8,Windows 10,1.4,11.023094568124744,Intel,Intel,0,0,3200,276.053530085501,256,0,0,Intel,i5,2.5,intel,0
HP,Ultrabook,13.3,8,Windows 10,1.11,11.182693795440782,Intel,Intel,1,1,1920,165.6321180513006,256,0,0,Intel,i7,2.7,intel,0
Acer,Notebook,15.6,4,Windows 10,2.4,9.915781669229606,Intel,Intel,0,0,1366,100.45466986113652,0,500,0,Intel,other,1.1,intel,0
Asus,Gaming,15.6,16,Windows 10,2.5,11.470557693018055,Intel,Nvidia,0,0,1920,141.21199808219862,256,1024,0,Intel,i7,2.8,nvidia,1
HP,Ultrabook,14.0,8,Windows 10,1.48,11.620010772319315,Intel,Intel,0,0,1920,157.3505121487356,512,0,0,Intel,i7,2.7,intel,0
Acer,Gaming,15.6,8,Windows 10,2.7,11.114442921914945,Intel,Nvidia,0,1,1920,141.21199808219862,128,1024,0,Intel,i7,2.8,nvidia,1
HP,Notebook,13.3,8,Windows 10,1.34,11.056444708137915,Intel,Intel,0,1,1920,165.6321180513006,256,0,0,Intel,i5,2.5,intel,0
Dell,Notebook,15.6,4,Windows 10,2.18,10.280044140256999,Intel,Intel,0,0,1366,100.45466986113652,128,0,0,Intel,i3,2.4,intel,0
HP,Notebook,14.0,4,Windows 10,1.64,10.633596165225693,Intel,Intel,0,0,1366,111.93520355955212,0,500,0,Intel,i5,2.5,intel,0
Toshiba,Notebook,13.3,4,Windows 10,1.2,11.061478196557058,Intel,Intel,0,0,1920,165.6321180513006,128,0,0,Intel,i5,2.3,intel,0
HP,Notebook,14.0,4,Windows 10,1.48,10.978634456594794,Intel,Intel,0,0,1366,111.93520355955212,256,0,0,Intel,i5,2.4,intel,0
HP,Notebook,14.0,4,Windows 10,1.95,11.069811447777305,Intel,Intel,0,0,1920,157.3505121487356,256,0,0,Intel,i5,2.5,intel,0
HP,Ultrabook,14.0,8,Windows 7,1.43,11.25420292138043,Intel,Intel,0,0,1920,157.3505121487356,256,0,0,Intel,i7,2.6,intel,0
HP,Notebook,14.0,8,Windows 10,1.64,10.931419346481935,Intel,Nvidia,0,0,1920,157.3505121487356,256,0,0,Intel,i5,2.5,nvidia,1
HP,Notebook,14.0,4,Windows 10,1.64,10.503546383198644,Intel,Intel,0,0,1366,111.93520355955212,0,500,0,Intel,i3,2.4,intel,0
Dell,Gaming,15.6,8,Windows 10,2.65,10.830989602063529,Intel,Nvidia,0,0,1920,141.21199808219862,0,0,1,Intel,i5,2.5,nvidia,1
HP,Ultrabook,12.5,4,Windows 10,1.26,11.314461355427948,Intel,Intel,0,0,1920,176.23257360658386,0,500,0,Intel,i5,2.5,intel,0
HP,Notebook,14.0,4,Windows 10,1.48,11.347062125633828,Intel,Intel,0,0,1920,157.3505121487356,256,0,0,Intel,i5,2.5,intel,0
HP,Ultrabook,14.0,8,Windows 10,1.54,11.518425798364119,Intel,Intel,0,0,1920,157.3505121487356,256,0,0,Intel,i7,2.5,intel,0
HP,Notebook,13.3,4,Windows 10,1.49,10.660196214585818,Intel,Intel,0,0,1366,117.82653006268644,0,500,0,Intel,i3,2.4,intel,0
Toshiba,Notebook,13.3,8,Windows 10,1.5,11.073952176081768,Intel,Intel,0,0,1366,117.82653006268644,256,0,0,Intel,i5,2.3,intel,0
HP,Notebook,15.6,4,Windows 10,2.04,10.621962929026408,Intel,Intel,0,0,1366,100.45466986113652,256,0,0,Intel,i3,2.4,intel,0
Lenovo,Notebook,17.3,16,Windows 7,2.4,11.971210954208564,Intel,Nvidia,0,1,3840,254.67134914246225,512,0,0,Intel,i7,2.7,nvidia,1
Toshiba,Notebook,14.0,8,Windows 10,1.47,11.28210502158141,Intel,Intel,0,1,1920,157.3505121487356,256,0,0,Intel,i5,2.3,intel,0
HP,Notebook,14.0,8,Windows 10,1.43,11.684877779846692,Intel,Intel,0,0,1920,157.3505121487356,256,0,0,Intel,i7,2.5,intel,0
Dell,2 in 1 Convertible,15.6,4,Windows 10,2.08,10.655171228057007,Intel,Intel,1,1,1920,141.21199808219862,0,1024,0,Intel,i3,2.3,intel,0
Toshiba,Ultrabook,13.3,8,Windows 10,1.2,11.347062125633828,Intel,Intel,0,0,1920,165.6321180513006,256,0,0,Intel,i5,2.3,intel,0
HP,Notebook,13.3,8,Windows 10,1.11,11.022224638820209,Intel,Intel,0,1,1920,165.6321180513006,256,0,0,Intel,i5,2.5,intel,0
HP,Notebook,14.0,8,Windows 10,1.64,11.053437715931404,Intel,Nvidia,0,0,1920,157.3505121487356,256,0,0,Intel,i7,2.7,nvidia,1
Dell,Notebook,15.6,8,Windows 10,2.09,10.928728168172187,Intel,Intel,0,0,1920,141.21199808219862,0,500,0,Intel,i5,2.4,intel,0
HP,Ultrabook,12.5,4,Windows 10,1.26,11.327372934196768,Intel,Intel,0,0,1366,125.36742798669836,256,0,0,Intel,i5,2.5,intel,0
HP,Notebook,14.0,4,Windows 10,2.31,11.056444708137915,Intel,Intel,0,0,1366,111.93520355955212,0,500,0,Intel,i5,2.5,intel,0
HP,Notebook,14.0,4,Windows 10,1.95,10.94160291956712,Intel,Intel,0,0,1366,111.93520355955212,0,500,0,Intel,i5,2.5,intel,0
Dell,Ultrabook,13.3,8,Windows 10,1.29,11.3682201040106,Intel,Intel,1,0,3200,276.053530085501,256,0,0,Intel,i5,2.5,intel,0
HP,Notebook,17.3,8,Windows 10,2.63,10.960294724688996,Intel,Nvidia,0,0,1920,127.33567457123112,256,0,0,Intel,i5,2.5,nvidia,1
HP,Notebook,14.0,4,Windows 10,1.64,10.855964397819733,Intel,Intel,0,0,1366,111.93520355955212,256,0,0,Intel,i5,2.5,intel,0
Acer,Notebook,15.6,6,Windows 10,2.1,9.989322070632241,AMD,AMD,0,0,1366,100.45466986113652,0,1024,0,AMD,other,2.5,amd,1
MSI,Gaming,17.3,8,Windows 10,2.7,11.058796822674717,Intel,Nvidia,0,0,1920,127.33567457123112,128,1024,0,Intel,i7,2.8,nvidia,1
HP,Notebook,14.0,8,Windows 7,1.95,11.061478196557058,Intel,Intel,0,0,1920,157.3505121487356,256,0,0,Intel,i5,2.3,intel,0
HP,Notebook,15.6,8,Windows 10,1.84,11.089524270653731,Intel,Intel,0,0,1920,141.21199808219862,256,0,0,Intel,i7,2.5,intel,0
HP,Ultrabook,12.5,8,Windows 10,1.26,11.182693795440782,Intel,Intel,0,0,1920,176.23257360658386,256,0,0,Intel,i7,2.5,intel,0
HP,Notebook,15.6,4,Windows 10,2.04,10.58493556391622,Intel,Intel,0,0,1366,100.45466986113652,0,500,0,Intel,i5,2.5,intel,0
Toshiba,Ultrabook,14.0,8,Windows 10,1.47,11.428554236084064,Intel,Intel,0,1,1920,157.3505121487356,256,0,0,Intel,i7,2.6,intel,0
Dell,Notebook,15.6,8,Windows 7,2.09,10.944382023868503,Intel,Intel,0,0,1920,141.21199808219862,256,0,0,Intel,i5,2.4,intel,0
HP,Notebook,14.0,8,Windows 10,1.64,10.893790032506047,Intel,Intel,0,0,1920,157.3505121487356,256,0,0,Intel,i5,2.5,intel,0
Lenovo,2 in 1 Convertible,15.6,4,Windows 10,1.8,10.717283879751747,Intel,Intel,1,1,1920,141.21199808219862,256,0,0,Intel,i7,2.5,intel,0
Toshiba,Notebook,15.6,16,Windows 10,2.4,11.237501289913949,Intel,Nvidia,0,1,1920,141.21199808219862,256,0,0,Intel,i7,2.5,nvidia,1
Lenovo,Notebook,15.6,8,Windows 10,2.3,10.93174332609208,Intel,Intel,0,0,1920,141.21199808219862,256,0,0,Intel,i5,2.3,intel,0
HP,Notebook,14.0,4,Windows 10,1.54,10.883335073806908,Intel,Intel,0,0,1920,157.3505121487356,0,500,0,Intel,i5,2.3,intel,0
HP,Notebook,15.6,8,Windows 10,1.84,11.62685178594317,Intel,Intel,0,0,1920,141.21199808219862,256,500,0,Intel,i5,2.4,intel,0
HP,Notebook,14.0,8,Windows 7,1.43,11.26791097888584,Intel,Intel,0,0,1920,157.3505121487356,256,0,0,Intel,i5,2.3,intel,0
MSI,Gaming,17.3,16,Windows 10,3.78,11.31876651223924,Intel,Nvidia,0,1,1920,127.33567457123112,256,1024,0,Intel,i7,2.7,nvidia,1
Lenovo,Gaming,17.3,16,Windows 10,4.6,11.711871951929755,Intel,Nvidia,0,1,1920,127.33567457123112,128,1024,0,Intel,i7,2.6,nvidia,1
Asus,Netbook,11.6,4,Chrome OS,1.2,9.638239413697464,Intel,Intel,0,0,1366,135.0942111925629,0,0,0,Intel,celeron,1.6,intel,0
Lenovo,Notebook,14.0,16,Windows 7,1.1,11.846497786613819,Intel,Intel,0,1,2560,209.8006828649808,256,0,0,Intel,i7,2.6,intel,0
HP,Notebook,15.6,8,Windows 10,1.91,10.862111839946362,Intel,Nvidia,0,1,1920,141.21199808219862,0,1024,0,Intel,i7,2.7,nvidia,1
Dell,2 in 1 Convertible,15.6,8,Windows 10,2.3,10.973174165162662,Intel,Intel,1,1,1920,141.21199808219862,256,0,0,Intel,i5,2.7,intel,0
HP,Notebook,15.6,4,Windows 10,2.04,10.862111839946362,Intel,Intel,0,0,1366,100.45466986113652,256,0,0,Intel,i5,2.5,intel,0
Dell,Ultrabook,13.3,16,Windows 10,1.2,11.696031047668868,Intel,Intel,1,0,3200,276.053530085501,1024,0,0,Intel,i7,2.7,intel,0
HP,Notebook,15.6,4,Windows 10,2.31,10.533998188720084,Intel,Intel,0,0,1366,100.45466986113652,0,500,0,Intel,i3,2.3,intel,0
HP,Notebook,15.6,4,No OS,1.96,10.188204734039374,Intel,Intel,0,0,1366,100.45466986113652,0,500,0,Intel,i5,2.5,intel,0
Acer,Notebook,15.6,8,Windows 10,2.4,10.082625714367484,AMD,AMD,0,0,1366,100.45466986113652,0,1024,0,AMD,other,2.2,amd,1
Dell,2 in 1 Convertible,13.3,12,Windows 10,1.6,11.14492549142712,Intel,Intel,1,1,1920,165.6321180513006,256,0,0,Intel,i7,2.7,intel,0
MSI,Gaming,15.6,16,Windows 10,2.94,11.481613522876666,Intel,Nvidia,0,0,1920,141.21199808219862,256,1024,0,Intel,i7,2.6,nvidia,1
HP,Notebook,15.6,8,Windows 10,2.04,10.950992494439637,Intel,Intel,0,0,1920,141.21199808219862,256,0,0,Intel,i7,2.7,intel,0
Asus,Gaming,17.3,16,No OS,4.0,10.881333108748292,Intel,Nvidia,0,1,1920,127.33567457123112,0,1024,0,Intel,i7,2.6,nvidia,1
Dell,Notebook,15.6,4,Windows 10,2.25,10.301744074438556,Intel,Intel,0,0,1920,141.21199808219862,0,1024,0,Intel,i5,2.5,intel,0
Dell,Notebook,15.6,16,Windows 10,2.32,10.873274826663733,Intel,AMD,0,0,1920,141.21199808219862,0,2048,0,Intel,i7,2.7,amd,1
MSI,Gaming,15.6,16,Windows 10,1.8,11.540327768882529,Intel,Nvidia,0,0,1920,141.21199808219862,256,1024,0,Intel,i7,2.6,nvidia,1
Dell,Ultrabook,13.3,8,Windows 10,1.29,11.260394811673141,Intel,Intel,0,0,1920,165.6321180513006,256,0,0,Intel,i7,2.7,intel,0
Asus,Gaming,17.3,64,Windows 10,3.58,12.263345775012255,Intel,Nvidia,0,1,1920,127.33567457123112,1024,0,0,Intel,i7,2.7,nvidia,1
Dell,2 in 1 Convertible,13.3,8,Windows 10,1.62,10.6577056741208,Intel,Intel,1,0,1920,165.6321180513006,256,0,0,Intel,i7,2.5,intel,0
Dell,Gaming,15.6,16,Windows 10,3.21,11.167757207320276,Intel,Nvidia,0,0,3840,282.42399616439724,256,1024,0,Intel,i7,2.6,nvidia,1
Apple,Ultrabook,12.0,8,Mac OS X,0.92,11.14569500709198,Intel,Intel,0,1,2304,226.4155471693585,0,0,0,Intel,other,1.1,intel,0
Dell,Notebook,15.6,4,Windows 10,2.06,10.15350258585783,Intel,Intel,0,0,1366,100.45466986113652,0,500,0,Intel,i3,2.3,intel,0
HP,Notebook,15.6,4,Windows 10,2.31,11.064819834822508,Intel,Intel,0,0,1366,100.45466986113652,0,500,0,Intel,i5,2.3,intel,0
HP,Ultrabook,12.5,8,Windows 7,1.26,11.064819834822508,Intel,Intel,0,0,1920,176.23257360658386,256,0,0,Intel,i5,2.3,intel,0
HP,Notebook,13.3,8,Windows 10,1.49,10.969511220360992,Intel,Intel,0,0,1920,165.6321180513006,256,0,0,Intel,i7,2.7,intel,0
Lenovo,Ultrabook,12.5,8,Windows 10,1.3,11.421859484994322,Intel,Intel,1,1,1920,176.23257360658386,256,0,0,Intel,i7,2.5,intel,0
Lenovo,Notebook,17.3,8,Windows 10,3.0,10.466313041010059,Intel,AMD,0,0,1600,106.11306214269258,0,0,0,Intel,i5,2.3,amd,1
Lenovo,Notebook,15.6,4,Windows 10,2.3,10.86006688870326,Intel,Nvidia,0,1,1920,141.21199808219862,0,1024,0,Intel,i5,2.3,nvidia,1
MSI,Gaming,17.3,16,Windows 10,3.78,11.799214467550595,Intel,Nvidia,0,0,1920,127.33567457123112,256,1024,0,Intel,i7,2.8,nvidia,1
Lenovo,Notebook,15.6,4,Windows 10,2.1,10.267164922165646,Intel,Intel,0,0,1366,100.45466986113652,0,500,0,Intel,i5,2.3,intel,0
HP,Notebook,15.6,4,Windows 7,2.31,10.821460868072135,Intel,Intel,0,0,1920,141.21199808219862,0,500,0,Intel,i5,2.3,intel,0
Lenovo,Ultrabook,12.5,8,Windows 10,0.99,11.219087416653776,Intel,Intel,1,1,2560,234.9767648087785,512,0,0,Intel,other,1.2,intel,0
Lenovo,Gaming,17.3,32,Windows 10,4.6,12.058895427831597,Intel,Nvidia,0,1,1920,127.33567457123112,512,0,1,Intel,i7,2.7,nvidia,1
HP,Ultrabook,13.3,16,Windows 10,1.3,11.600677334394318,Intel,Intel,0,1,3840,331.2642361026012,512,0,0,Intel,i7,2.7,intel,0
Dell,Notebook,15.6,8,Windows 10,2.18,10.595659257474393,Intel,Intel,0,0,1920,141.21199808219862,256,0,0,Intel,i5,2.5,intel,0
HP,Notebook,14.0,4,Windows 7,1.54,10.913854015323274,Intel,Intel,0,0,1920,157.3505121487356,0,500,0,Intel,i5,2.3,intel,0
HP,Workstation,15.6,8,Windows 7,1.9,11.285455066338496,Intel,AMD,0,0,1920,141.21199808219862,256,0,0,Intel,i7,2.5,amd,1
Lenovo,Notebook,14.0,8,Windows 7,1.7,11.064819834822508,Intel,Intel,0,0,1920,157.3505121487356,180,0,0,Intel,i5,2.3,intel,0
HP,Notebook,13.3,4,Chrome OS,1.29,10.397213811896178,Intel,Intel,0,0,3200,276.053530085501,0,0,0,Intel,other,1.5,intel,0
Acer,Notebook,15.6,4,Windows 10,2.4,9.934034216196434,AMD,AMD,0,0,1366,100.45466986113652,0,500,0,AMD,other,2.2,amd,1
Dell,Notebook,15.6,4,Linux,2.2,9.950664377878837,Intel,Intel,0,0,1366,100.45466986113652,0,500,0,Intel,other,1.6,intel,0
HP,Notebook,15.6,4,No OS,1.86,9.82202514423106,Intel,Intel,0,0,1366,100.45466986113652,0,1024,0,Intel,i3,2.5,intel,0
Asus,Gaming,17.3,8,Windows 10,2.7,11.352706476813816,Intel,Nvidia,0,1,1920,127.33567457123112,256,1024,0,Intel,i7,2.8,nvidia,1
Dell,Ultrabook,13.3,4,Windows 10,1.4,10.682874078812905,Intel,AMD,0,1,1920,165.6321180513006,256,0,0,Intel,i5,1.6,amd,1
HP,Netbook,12.5,4,Windows 7,2.4,11.352706476813816,Intel,Intel,0,0,1366,125.36742798669836,128,0,0,Intel,i5,2.3,intel,0
Acer,Notebook,15.6,8,Windows 10,2.4,10.65894546204638,Intel,Nvidia,0,0,1920,141.21199808219862,256,1024,0,Intel,i5,2.5,nvidia,1
Dell,Notebook,15.6,8,Windows 10,2.36,10.435181823432492,Intel,AMD,0,0,1920,141.21199808219862,0,1024,0,Intel,i5,2.5,amd,1
MSI,Gaming,17.3,8,Windows 10,2.6,11.352706476813816,Intel,Nvidia,0,0,1920,127.33567457123112,256,0,0,Intel,i7,2.6,nvidia,1
HP,Notebook,15.6,4,Windows 10,1.96,10.190206661487347,Intel,Intel,0,0,1366,100.45466986113652,0,1024,0,Intel,other,1.6,intel,0
Asus,Gaming,17.3,16,Windows 10,4.3,11.715798714845754,Intel,Nvidia,0,1,1920,127.33567457123112,128,1024,0,Intel,i7,2.6,nvidia,1
Dell,Ultrabook,12.5,4,Windows 7,1.5,11.010097640044096,Intel,Intel,0,0,1366,125.36742798669836,0,500,0,Intel,i3,2.3,intel,0
Dell,Ultrabook,12.5,4,Windows 7,1.5,11.037743034452472,Intel,Intel,0,0,1366,125.36742798669836,128,0,0,Intel,i3,2.3,intel,0
HP,Workstation,17.3,8,Windows 7,3.0,11.947688629354552,Intel,AMD,0,1,1920,127.33567457123112,0,1024,0,Intel,i7,2.6,amd,1
Lenovo,Gaming,15.6,16,Windows 10,2.4,11.064819834822508,Intel,Nvidia,0,0,1920,141.21199808219862,512,0,0,Intel,i7,2.8,nvidia,1
Dell,Ultrabook,12.5,8,Windows 7,1.5,11.229115459714633,Intel,Intel,0,0,1366,125.36742798669836,256,0,0,Intel,i5,2.3,intel,0
MSI,Gaming,17.3,8,Windows 10,2.9,11.29622614492296,Intel,Nvidia,0,0,1920,127.33567457123112,128,1024,0,Intel,i7,2.6,nvidia,1
Lenovo,2 in 1 Convertible,15.6,4,Windows 10,2.1,10.740621650723886,Intel,Intel,1,1,1920,141.21199808219862,256,0,0,Intel,i5,2.3,intel,0
HP,Notebook,15.6,4,Windows 10,2.1,9.962060188115156,AMD,AMD,0,0,1920,141.21199808219862,0,1024,0,AMD,other,2.5,amd,1
Asus,Gaming,15.6,16,Windows 10,2.59,11.175253388829377,Intel,Nvidia,0,1,1920,141.21199808219862,128,1024,0,Intel,i7,2.6,nvidia,1
HP,Notebook,13.3,8,Windows 10,1.16,11.413367194793471,Intel,Intel,1,0,3200,276.053530085501,256,0,0,Intel,other,1.1,intel,0
Dell,Notebook,15.6,4,Windows 7,2.24,10.620871436897776,Intel,AMD,0,0,1366,100.45466986113652,0,500,0,Intel,i5,2.3,amd,1
Lenovo,Notebook,15.6,4,Windows 10,2.1,10.037061694246896,Intel,Intel,0,0,1366,100.45466986113652,128,0,0,Intel,i3,2.0,intel,0
HP,Ultrabook,13.3,8,Windows 10,1.16,11.560851636958265,Intel,Intel,0,0,1920,165.6321180513006,512,0,0,Intel,i7,2.5,intel,0
Dell,Ultrabook,13.3,8,Windows 10,1.23,11.204688514352517,Intel,Intel,0,0,1920,165.6321180513006,256,0,0,Intel,i7,2.4,intel,0
Lenovo,Gaming,17.3,16,Windows 10,4.6,11.894920405530856,Intel,Nvidia,0,1,1920,127.33567457123112,256,0,1,Intel,i7,2.7,nvidia,1
Razer,Ultrabook,12.5,8,Windows 10,1.25,10.911922001713998,Intel,Intel,1,0,3840,352.4651472131677,256,0,0,Intel,i7,2.5,intel,0
Toshiba,Ultrabook,13.3,16,Windows 10,1.05,11.683530989644284,Intel,Intel,0,0,1920,165.6321180513006,512,0,0,Intel,i7,2.7,intel,0
Asus,Gaming,17.3,8,Windows 10,3.52,11.155256701642276,Intel,Nvidia,0,0,1920,127.33567457123112,128,1024,0,Intel,i7,2.6,nvidia,1
HP,Notebook,13.3,8,Windows 10,1.16,11.408055939867921,Intel,Intel,0,0,1920,165.6321180513006,256,0,0,Intel,i5,2.3,intel,0
HP,Notebook,14.0,8,Windows 7,1.43,11.29742314494604,Intel,Intel,0,0,1920,157.3505121487356,256,0,0,Intel,i5,2.3,intel,0
Dell,Notebook,15.6,4,Linux,2.09,10.236382197200111,Intel,Intel,0,0,1366,100.45466986113652,0,500,0,Intel,i5,2.3,intel,0
Asus,Notebook,15.6,4,Windows 10,2.0,10.0509502029849,Intel,Intel,0,0,1366,100.45466986113652,0,1024,0,Intel,i3,2.4,intel,0
Lenovo,2 in 1 Convertible,14.0,8,Windows 10,1.8,11.395552195348275,Intel,Intel,1,1,1920,157.3505121487356,256,0,0,Intel,i7,2.5,intel,0
HP,Ultrabook,12.5,8,Windows 7,1.26,11.52254504806308,Intel,Intel,0,0,1366,125.36742798669836,256,0,0,Intel,i5,2.4,intel,0
Lenovo,Gaming,15.6,8,No OS,2.4,10.87227433519628,Intel,Nvidia,0,1,1920,141.21199808219862,128,1024,0,Intel,i5,2.5,nvidia,1
HP,Gaming,17.3,8,Windows 10,3.35,11.004665214485216,Intel,Nvidia,0,1,1920,127.33567457123112,128,1024,0,Intel,i5,2.3,nvidia,1
HP,Notebook,15.6,8,Windows 10,2.04,10.419722121547444,Intel,Intel,0,0,1366,100.45466986113652,0,2048,0,Intel,i7,2.7,intel,0
Lenovo,2 in 1 Convertible,14.0,8,Windows 7,1.8,11.601350600798382,Intel,Nvidia,1,1,1920,157.3505121487356,512,0,0,Intel,i7,2.6,nvidia,1
HP,Ultrabook,15.6,8,Windows 10,1.84,10.598322308339624,Intel,Intel,0,0,1920,141.21199808219862,256,0,0,Intel,i7,2.7,intel,0
Acer,Notebook,15.6,4,Windows 10,2.23,10.398838458081958,Intel,Nvidia,0,0,1920,141.21199808219862,0,1024,0,Intel,i5,2.5,nvidia,1
Lenovo,Notebook,15.6,16,Windows 10,2.5,10.977734058532482,Intel,AMD,0,0,1920,141.21199808219862,0,0,1,Intel,i7,2.5,amd,1
HP,Workstation,17.3,8,Windows 7,3.0,12.25688472615295,Intel,Nvidia,0,1,1920,127.33567457123112,256,0,0,Intel,i7,2.6,nvidia,1
Dell,Notebook,15.6,8,Windows 10,2.5,10.639993986052072,Intel,AMD,0,0,1366,100.45466986113652,0,1024,0,Intel,i5,2.5,amd,1
MSI,Gaming,17.3,16,Windows 10,3.78,11.75837611262137,Intel,Nvidia,0,0,1920,127.33567457123112,256,1024,0,Intel,i7,2.7,nvidia,1
HP,Ultrabook,15.6,8,Windows 7,1.88,11.65884442784677,Intel,Intel,0,0,1920,141.21199808219862,256,0,0,Intel,i7,2.5,intel,0
Lenovo,2 in 1 Convertible,14.0,16,Windows 10,2.8,11.775322036608145,Intel,Intel,1,1,2560,209.8006828649808,512,0,0,Intel,i7,2.6,intel,0
MSI,Gaming,15.6,8,Windows 10,2.4,11.016814119947735,Intel,Nvidia,0,0,1920,141.21199808219862,128,1024,0,Intel,i7,2.8,nvidia,1
HP,2 in 1 Convertible,13.3,8,Windows 10,1.48,11.371294156418369,Intel,Intel,1,0,1920,165.6321180513006,256,0,0,Intel,i5,2.4,intel,0
HP,Workstation,15.6,8,Windows 7,2.59,11.684877779846692,Intel,Nvidia,0,1,1920,141.21199808219862,256,0,0,Intel,i7,2.6,nvidia,1
HP,2 in 1 Convertible,13.3,8,Windows 10,1.48,11.470557693018055,Intel,Intel,1,0,2560,220.84282406840083,256,0,0,Intel,i7,2.6,intel,0
HP,Workstation,15.6,8,Windows 7,2.0,11.524653620496773,Intel,Nvidia,0,0,1920,141.21199808219862,256,0,0,Intel,i7,2.6,nvidia,1
HP,Ultrabook,12.5,8,Windows 7,1.26,11.714906632298005,Intel,Intel,0,0,1920,176.23257360658386,256,0,0,Intel,i7,2.5,intel,0
Dell,Notebook,15.6,8,Windows 10,2.18,10.893186205871402,Intel,Nvidia,0,0,1920,141.21199808219862,256,0,0,Intel,i7,2.7,nvidia,1
HP,Notebook,15.6,8,Windows 7,1.88,11.340119926907802,Intel,Intel,0,0,1920,141.21199808219862,256,0,0,Intel,i5,2.3,intel,0
Lenovo,2 in 1 Convertible,14.0,8,Windows 10,1.27,11.733047817054649,Intel,Intel,1,1,2560,209.8006828649808,256,0,0,Intel,i7,2.5,intel,0
Lenovo,Notebook,15.6,4,No OS,1.9,9.801616497179607,Intel,Intel,0,0,1366,100.45466986113652,0,1024,0,Intel,i3,2.0,intel,0
HP,Notebook,15.6,4,Windows 10,1.86,9.669356357545784,AMD,AMD,0,0,1366,100.45466986113652,0,500,0,AMD,other,1.8,amd,1
Lenovo,Notebook,15.6,8,No OS,2.32,10.370853957360486,Intel,AMD,0,0,1920,141.21199808219862,0,1024,0,Intel,i5,2.3,amd,1
Dell,Gaming,15.6,8,Windows 10,2.62,11.064819834822508,Intel,Nvidia,0,0,1920,141.21199808219862,0,1024,0,Intel,i7,2.8,nvidia,1
Dell,Notebook,15.6,8,Windows 10,2.04,11.694557037112846,Intel,Nvidia,1,1,3840,282.42399616439724,256,0,0,Intel,i5,2.3,nvidia,1
HP,Notebook,15.6,4,Windows 10,1.91,10.147071143642277,AMD,AMD,0,0,1920,141.21199808219862,256,0,0,AMD,other,2.5,amd,1
MSI,Gaming,17.3,16,Windows 10,2.7,11.283982429108427,Intel,Nvidia,0,0,1920,127.33567457123112,256,1024,0,Intel,i7,2.8,nvidia,1
Lenovo,Ultrabook,14.0,12,Windows 7,1.4,11.715798714845754,Intel,Intel,0,0,1920,157.3505121487356,512,0,0,Intel,i7,2.6,intel,0
Lenovo,Notebook,15.6,8,Windows 10,2.5,10.645704553396179,Intel,AMD,0,0,1920,141.21199808219862,0,0,1,Intel,i5,2.3,amd,1
HP,2 in 1 Convertible,13.3,8,Windows 10,1.48,11.596765384868766,Intel,Intel,1,0,2560,220.84282406840083,512,0,0,Intel,i7,2.6,intel,0
Lenovo,Ultrabook,14.0,8,Windows 7,1.7,11.288127045116099,Intel,Intel,0,0,1920,157.3505121487356,256,0,0,Intel,i7,2.6,intel,0
MSI,Gaming,14.0,16,Windows 10,1.7,11.453741330154045,Intel,Nvidia,0,0,1920,157.3505121487356,256,1024,0,Intel,i7,2.6,nvidia,1
HP,Gaming,15.6,8,Windows 10,2.62,10.776864937870439,Intel,Nvidia,0,1,1920,141.21199808219862,0,1024,0,Intel,i7,2.8,nvidia,1
Lenovo,Notebook,15.6,8,Windows 10,2.2,10.104652126020449,Intel,Intel,0,0,1366,100.45466986113652,0,1024,0,Intel,i3,2.0,intel,0
HP,Notebook,15.6,4,No OS,2.1,10.143095900114544,Intel,Intel,0,0,1366,100.45466986113652,0,500,0,Intel,i5,2.3,intel,0
Dell,Gaming,15.6,8,Windows 10,2.62,11.287459719448945,Intel,Nvidia,0,0,3840,282.42399616439724,128,1024,0,Intel,i7,2.8,nvidia,1
Lenovo,Notebook,15.6,8,Windows 10,1.95,11.212633554977055,Intel,Intel,0,1,1920,141.21199808219862,256,0,0,Intel,i5,2.5,intel,0
Lenovo,Notebook,15.6,4,Windows 10,2.2,10.124069425552399,Intel,Nvidia,0,0,1920,141.21199808219862,0,1024,0,Intel,i3,2.5,nvidia,1
MSI,Gaming,15.6,8,Windows 10,2.2,10.707794102852903,Intel,Nvidia,0,1,1920,141.21199808219862,0,1024,0,Intel,i7,2.7,nvidia,1
HP,Notebook,15.6,8,Windows 10,1.96,10.496209795189023,Intel,Intel,0,0,1920,141.21199808219862,256,0,0,Intel,i7,2.5,intel,0
HP,Notebook,15.6,16,Windows 10,2.1,11.030890063374128,Intel,Intel,0,0,1920,141.21199808219862,512,0,0,Intel,i7,1.8,intel,0
Asus,Notebook,15.6,4,Windows 10,2.2,9.88640853285114,Intel,Intel,0,0,1366,100.45466986113652,0,500,0,Intel,celeron,1.6,intel,0
Lenovo,Notebook,15.6,4,No OS,2.1,9.962060188115156,Intel,Intel,0,0,1366,100.45466986113652,0,500,0,Intel,i5,2.3,intel,0
Lenovo,Notebook,15.6,8,No OS,2.2,10.539443024584216,Intel,Nvidia,0,0,1920,141.21199808219862,0,1024,0,Intel,i7,2.7,nvidia,1
Asus,Notebook,14.0,4,Windows 10,2.0,10.620676402161354,Intel,Intel,0,0,1920,157.3505121487356,256,0,0,Intel,i3,2.4,intel,0
Lenovo,Notebook,15.6,4,Windows 7,2.32,10.690967162330788,Intel,Intel,0,0,1920,141.21199808219862,0,0,1,Intel,i7,2.5,intel,0
Lenovo,Gaming,15.6,16,Windows 10,3.31,11.149533728083794,Intel,Nvidia,0,1,1920,141.21199808219862,512,0,0,Intel,i7,2.6,nvidia,1
MSI,Gaming,15.6,16,Windows 10,1.91,11.650359078019564,Intel,Nvidia,0,0,1920,141.21199808219862,128,1024,0,Intel,i7,2.6,nvidia,1
HP,Notebook,15.6,4,Windows 10,2.07,10.452562263733816,Intel,Intel,0,0,1366,100.45466986113652,0,500,0,Intel,i3,2.3,intel,0
Lenovo,2 in 1 Convertible,14.0,8,Windows 10,1.36,11.376193068881934,Intel,Intel,1,1,2560,209.8006828649808,256,0,0,Intel,i5,2.3,intel,0
Lenovo,Ultrabook,15.6,6,Windows 10,1.54,10.698213406595185,Intel,Nvidia,0,0,1920,141.21199808219862,256,0,0,Intel,i7,2.7,nvidia,1
Dell,Notebook,15.6,8,Linux,1.98,10.772416887866106,Intel,Nvidia,0,0,1920,141.21199808219862,256,0,0,Intel,i7,2.7,nvidia,1
Acer,Notebook,15.6,4,Windows 10,2.1,9.783759877293237,Intel,Intel,0,0,1366,100.45466986113652,0,500,0,Intel,celeron,2.5,intel,0
HP,Notebook,15.6,6,Windows 10,2.18,10.65894546204638,Intel,Nvidia,0,1,1920,141.21199808219862,0,1024,0,Intel,i7,2.6,nvidia,1
Asus,Gaming,15.6,8,Windows 10,2.591,10.787926767906868,Intel,Nvidia,0,1,1920,141.21199808219862,256,1024,0,Intel,i7,2.6,nvidia,1
Dell,2 in 1 Convertible,15.6,16,Windows 10,2.09,11.04799884586991,Intel,Intel,1,0,1920,141.21199808219862,512,0,0,Intel,i7,2.7,intel,0
Acer,Notebook,15.6,4,Windows 10,2.23,10.513728011380234,Intel,Nvidia,0,0,1920,141.21199808219862,256,0,0,Intel,i5,2.5,nvidia,1
Dell,Ultrabook,13.3,8,Linux,1.23,10.977734058532482,Intel,Intel,1,0,3200,276.053530085501,256,0,0,Intel,i5,2.4,intel,0
Acer,Gaming,17.3,16,Windows 10,4.2,11.838450282382281,Intel,Nvidia,0,1,1920,127.33567457123112,256,1024,0,Intel,i7,2.8,nvidia,1
Lenovo,Gaming,15.6,8,Windows 10,2.4,10.683668026512203,Intel,Nvidia,0,1,1920,141.21199808219862,0,1024,0,Intel,i5,2.5,nvidia,1
Samsung,2 in 1 Convertible,12.3,4,Chrome OS,1.15,10.466313041010059,Samsung,ARM,1,1,2400,234.50740003017813,0,0,0,Samsung,other,2.0,other,0
HP,Notebook,15.6,4,Windows 10,1.86,10.159748614913156,Intel,Intel,0,0,1366,100.45466986113652,0,500,0,Intel,i5,2.5,intel,0
Apple,Ultrabook,12.0,8,Mac OS X,0.92,11.034335316856836,Intel,Intel,0,1,2304,226.4155471693585,0,0,0,Intel,other,1.1,intel,0
Dell,2 in 1 Convertible,13.3,8,Windows 10,1.6,11.064819834822508,Intel,Intel,1,1,1920,165.6321180513006,256,0,0,Intel,i5,2.5,intel,0
HP,Notebook,15.6,12,Windows 10,2.21,11.166251204223753,Intel,Nvidia,0,1,1920,141.21199808219862,128,1024,0,Intel,i7,2.8,nvidia,1
Lenovo,Notebook,15.6,4,No OS,1.9,9.883694965189548,Intel,AMD,0,0,1366,100.45466986113652,0,1024,0,Intel,i3,2.5,amd,1
Asus,Gaming,17.3,16,Windows 10,4.3,11.648792876975632,Intel,Nvidia,0,1,1920,127.33567457123112,512,1024,0,Intel,i7,2.6,nvidia,1
MSI,Gaming,17.3,16,Windows 10,2.43,11.600628529355635,Intel,Nvidia,0,0,1920,127.33567457123112,256,1024,0,Intel,i7,2.8,nvidia,1
Dell,Notebook,15.6,4,Windows 10,2.3,10.188204734039374,Intel,AMD,0,0,1366,100.45466986113652,128,0,0,Intel,i3,2.0,amd,1
Lenovo,Notebook,15.6,8,No OS,2.2,10.419722121547444,Intel,Nvidia,0,0,1366,100.45466986113652,0,500,0,Intel,i7,2.5,nvidia,1
Dell,2 in 1 Convertible,15.6,16,Windows 10,2.0,11.13408962950052,Intel,Intel,1,0,1920,141.21199808219862,512,0,0,Intel,i7,1.8,intel,0
Dell,Ultrabook,13.3,16,Windows 10,1.2,11.869140102984442,Intel,Intel,1,0,3200,276.053530085501,512,0,0,Intel,i7,2.7,intel,0
Asus,Gaming,15.6,8,Windows 10,2.2,11.039481042980592,Intel,Nvidia,0,0,1920,141.21199808219862,0,1024,0,Intel,i7,2.6,nvidia,1
Dell,Notebook,15.6,8,Windows 10,2.36,10.765679373749014,Intel,AMD,0,0,1920,141.21199808219862,256,0,0,Intel,i5,2.5,amd,1
HP,Notebook,15.6,8,Windows 10,1.91,10.336895919115271,Intel,Intel,0,0,1366,100.45466986113652,256,0,0,Intel,i5,2.5,intel,0
Lenovo,Notebook,15.6,4,Windows 10,2.2,9.676067369454655,AMD,AMD,0,0,1366,100.45466986113652,0,500,0,AMD,other,2.2,amd,1
Acer,Notebook,17.3,8,Windows 10,3.3,10.419722121547444,Intel,Nvidia,0,0,1600,106.11306214269258,0,1024,0,Intel,i3,2.0,nvidia,1
Asus,Gaming,15.6,16,Windows 10,2.2,11.779003747004984,Intel,Nvidia,0,0,1920,141.21199808219862,256,1024,0,Intel,i7,2.8,nvidia,1
Apple,Ultrabook,12.0,8,Mac OS X,0.92,11.12940950226841,Intel,Intel,0,1,2304,226.4155471693585,0,0,0,Intel,other,1.2,intel,0
Asus,Notebook,15.6,16,Windows 10,2.2,11.442371232335963,Intel,Nvidia,0,0,1920,141.21199808219862,128,1024,0,Intel,i7,2.8,nvidia,1
MSI,Gaming,17.3,16,Windows 10,2.43,11.550637224841307,Intel,Nvidia,0,1,1920,127.33567457123112,256,1024,0,Intel,i7,2.6,nvidia,1
Dell,2 in 1 Convertible,15.6,8,Windows 10,2.191,10.882334592260529,Intel,Intel,1,1,1920,141.21199808219862,256,0,0,Intel,i5,2.5,intel,0
Asus,Gaming,17.3,16,Windows 10,2.9,11.550642355641386,Intel,Nvidia,0,0,1920,127.33567457123112,256,1024,0,Intel,i7,2.8,nvidia,1
Acer,Notebook,17.3,4,Windows 10,3.3,10.36918316559119,Intel,Nvidia,0,0,1600,106.11306214269258,0,1024,0,Intel,i3,2.5,nvidia,1
Lenovo,Notebook,17.3,8,No OS,2.8,10.265311417998271,Intel,Intel,0,0,1600,106.11306214269258,0,1024,0,Intel,i5,2.5,intel,0
Lenovo,Gaming,15.6,8,Windows 10,2.6,11.123921525344702,Intel,Nvidia,0,1,1920,141.21199808219862,128,1024,0,Intel,i7,2.6,nvidia,1
Acer,2 in 1 Convertible,14.0,8,Windows 10,1.2,11.022224638820209,Intel,Intel,1,1,1920,157.3505121487356,256,0,0,Intel,i7,1.3,intel,0
Lenovo,Notebook,15.6,8,Windows 10,2.3,11.307942507277987,Intel,Intel,0,1,1920,141.21199808219862,256,0,0,Intel,i7,2.6,intel,0
MSI,Gaming,15.6,8,Windows 10,2.2,11.272739269300473,Intel,Nvidia,0,0,1920,141.21199808219862,128,1024,0,Intel,i7,2.6,nvidia,1
HP,Notebook,15.6,6,Windows 10,2.1,10.246584937175161,AMD,AMD,0,0,1920,141.21199808219862,0,1024,0,AMD,other,2.7,amd,1
Dell,Ultrabook,12.5,8,Windows 7,1.26,11.421789450802324,Intel,Intel,1,0,1920,176.23257360658386,256,0,0,Intel,i5,2.4,intel,0
Dell,2 in 1 Convertible,15.0,4,Windows 10,2.08,10.20804591591181,Intel,Intel,1,0,1920,146.86047800548656,0,500,0,Intel,i3,2.4,intel,0
Asus,Notebook,15.6,4,Windows 10,2.65,9.708963041637261,Intel,Intel,0,0,1366,100.45466986113652,0,1024,0,Intel,other,1.6,intel,0
Dell,Ultrabook,13.3,8,Windows 10,1.29,11.273342016041454,Intel,Intel,1,0,3200,276.053530085501,256,0,0,Intel,i7,2.7,intel,0
Dell,Notebook,15.6,4,Linux,2.18,10.232996343404029,Intel,Intel,0,0,1366,100.45466986113652,0,1024,0,Intel,i5,2.5,intel,0
Lenovo,Gaming,15.6,16,Windows 10,2.6,10.911922001713998,Intel,Nvidia,1,1,1920,141.21199808219862,128,1024,0,Intel,i7,2.6,nvidia,1
MSI,Gaming,15.6,8,Windows 10,2.2,11.022224638820209,Intel,Nvidia,0,0,1920,141.21199808219862,128,1024,0,Intel,i7,2.8,nvidia,1
Lenovo,Netbook,12.5,16,Windows 10,1.3,11.38410296807344,Intel,Intel,1,1,1920,176.23257360658386,512,0,0,Intel,i7,2.5,intel,0
Razer,Gaming,14.0,16,Windows 10,1.95,12.13579888262338,Intel,Nvidia,0,0,1920,157.3505121487356,1024,0,0,Intel,i7,2.8,nvidia,1
Dell,Notebook,15.6,8,Windows 10,2.3,10.126225133455508,Intel,Intel,1,0,1366,100.45466986113652,0,1024,0,Intel,i3,2.4,intel,0
MSI,Gaming,17.3,16,Windows 10,2.7,11.352080897651312,Intel,Nvidia,0,0,1920,127.33567457123112,256,1024,0,Intel,i7,2.8,nvidia,1
Apple,Ultrabook,11.6,4,Mac OS X,1.08,10.841471672111513,Intel,Intel,0,0,1366,135.0942111925629,0,0,0,Intel,i5,1.6,intel,0
HP,Notebook,15.6,4,Windows 10,2.1,10.14521102315936,Intel,Intel,0,0,1920,141.21199808219862,0,1024,0,Intel,i3,2.5,intel,0
HP,Ultrabook,14.0,8,Windows 7,1.54,11.670959137926745,Intel,Intel,0,0,2560,209.8006828649808,256,0,0,Intel,i7,2.5,intel,0
Dell,Notebook,15.6,4,Windows 7,2.24,10.578174384540583,Intel,Intel,0,0,1366,100.45466986113652,0,500,0,Intel,i5,2.3,intel,0
MSI,Gaming,15.6,8,Windows 10,2.3,11.039481042980592,Intel,Nvidia,0,0,1920,141.21199808219862,128,1024,0,Intel,i7,2.6,nvidia,1
Lenovo,Notebook,13.3,16,Windows 10,1.4,11.288127045116099,Intel,Intel,0,1,1920,165.6321180513006,512,0,0,Intel,i7,2.7,intel,0
Lenovo,Notebook,15.6,6,Windows 10,2.2,10.368463865979837,AMD,AMD,0,0,1920,141.21199808219862,256,0,0,AMD,other,3.6,amd,1
Asus,Ultrabook,13.3,8,Windows 10,1.45,11.130191046138895,Intel,Intel,0,0,1920,165.6321180513006,256,0,0,Intel,i7,2.5,intel,0
Acer,Notebook,15.6,4,Linux,2.4,9.86670447393617,Intel,Intel,0,0,1366,100.45466986113652,0,500,0,Intel,i3,2.0,intel,0
Dell,2 in 1 Convertible,17.3,16,Windows 10,2.77,11.470557693018055,Intel,Nvidia,1,0,1920,127.33567457123112,512,0,0,Intel,i7,2.7,nvidia,1
HP,Notebook,14.0,4,Windows 7,1.54,10.978634456594794,Intel,Intel,0,0,1920,157.3505121487356,256,0,0,Intel,i5,2.3,intel,0
Asus,Gaming,15.6,16,Windows 10,2.5,11.353331664871686,Intel,Nvidia,0,1,1920,141.21199808219862,256,1024,0,Intel,i7,2.8,nvidia,1
Dell,Notebook,14.0,4,Windows 10,1.6,10.74980636238115,Intel,Intel,0,0,1366,111.93520355955212,0,500,0,Intel,i5,2.5,intel,0
Asus,Gaming,15.6,16,Windows 10,2.34,11.727044416809726,Intel,Nvidia,0,1,1920,141.21199808219862,256,1024,0,Intel,i7,2.6,nvidia,1
Lenovo,Notebook,15.6,8,No OS,2.3,10.326479497678788,Intel,Intel,0,1,1920,141.21199808219862,256,0,0,Intel,i5,2.5,intel,0
Dell,2 in 1 Convertible,13.3,8,Windows 10,1.24,11.478309589260354,Intel,Intel,1,0,3200,276.053530085501,256,0,0,Intel,i5,1.2,intel,0
Dell,Notebook,15.6,4,Linux,2.2,9.756362468645353,Intel,Intel,0,0,1366,100.45466986113652,0,500,0,Intel,other,1.6,intel,0
HP,Notebook,15.6,4,Windows 10,1.86,9.964569481536397,AMD,AMD,0,0,1366,100.45466986113652,0,500,0,AMD,other,2.5,amd,1
Lenovo,Notebook,15.6,6,Windows 10,2.4,10.319474445348318,Intel,Nvidia,0,0,1920,141.21199808219862,128,0,0,Intel,i3,2.3,nvidia,1
Lenovo,Notebook,14.0,8,Windows 10,1.9,10.952859875889436,Intel,Intel,0,1,1920,157.3505121487356,256,0,0,Intel,i5,2.3,intel,0
Dell,Notebook,15.6,4,Windows 10,2.2,10.07140533794855,Intel,Intel,0,0,1366,100.45466986113652,0,500,0,Intel,other,1.6,intel,0
Asus,Notebook,15.6,4,Windows 10,2.0,9.801616497179607,Intel,Intel,0,0,1366,100.45466986113652,0,1024,0,Intel,celeron,1.1,intel,0
Asus,Gaming,17.3,16,Windows 10,4.0,11.525180069637228,Intel,Nvidia,0,1,1920,127.33567457123112,128,1024,0,Intel,i7,2.6,nvidia,1
Dell,Notebook,15.6,4,Windows 10,2.29,10.170004720212974,Intel,Intel,0,0,1366,100.45466986113652,0,500,0,Intel,i3,2.5,intel,0
Lenovo,Notebook,15.6,8,Windows 7,2.32,10.772405714978468,Intel,AMD,0,0,1920,141.21199808219862,0,0,1,Intel,i7,2.5,amd,1
MSI,Gaming,15.6,8,Windows 10,2.4,11.089532407259076,Intel,Nvidia,0,0,1920,141.21199808219862,128,1024,0,Intel,i7,2.6,nvidia,1
Lenovo,2 in 1 Convertible,14.0,4,Windows 10,1.8,10.700629204139668,Intel,Intel,1,0,1920,157.3505121487356,128,0,0,Intel,i5,2.3,intel,0
Asus,Ultrabook,13.3,8,Windows 10,1.2,10.567260503819892,Intel,Intel,0,1,1920,165.6321180513006,512,0,0,Intel,other,0.9,intel,0
Dell,Notebook,15.6,6,Windows 10,2.3,10.104652126020449,Intel,Intel,0,0,1366,100.45466986113652,0,1024,0,Intel,i3,2.4,intel,0
Acer,Notebook,15.6,4,Linux,2.4,9.642052656072376,Intel,Intel,0,0,1366,100.45466986113652,0,500,0,Intel,celeron,1.6,intel,0
Dell,Notebook,15.6,2,Windows 10,2.2,9.913146751905726,Intel,Intel,0,0,1366,100.45466986113652,0,500,0,Intel,celeron,1.6,intel,0
Lenovo,Notebook,15.6,8,Windows 10,2.6,10.776864937870439,Intel,Nvidia,0,1,1920,141.21199808219862,0,1024,0,Intel,i7,2.6,nvidia,1
HP,Notebook,15.6,6,Windows 10,2.04,10.285495247547502,AMD,AMD,0,0,1920,141.21199808219862,0,0,1,AMD,other,2.9,amd,1
Dell,Notebook,15.6,8,Linux,2.3,10.6676556480453,Intel,AMD,0,0,1366,100.45466986113652,0,1024,0,Intel,i7,2.7,amd,1
Asus,Notebook,15.6,4,Windows 10,2.2,10.555282639764934,Intel,Nvidia,0,0,1366,100.45466986113652,0,500,0,Intel,i7,2.5,nvidia,1
Lenovo,2 in 1 Convertible,14.0,4,Windows 10,1.8,10.433928727277085,Intel,Intel,1,1,1920,157.3505121487356,128,0,0,Intel,i7,2.5,intel,0
Lenovo,2 in 1 Convertible,13.3,16,Windows 10,1.3,11.288127045116099,Intel,Intel,1,1,3200,276.053530085501,512,0,0,Intel,i7,2.5,intel,0
HP,Notebook,15.6,6,Windows 10,2.19,10.614153381548173,Intel,AMD,0,0,1366,100.45466986113652,0,1024,0,Intel,i7,2.5,amd,1
